Genes	Sustaining proliferative signaling	Deregulating cellular energetics	Senescent cells	Nonmutational epigenetic reprogramming	Unlocking phenotypic plasticity	Evading growth suppressors	Avoiding immune destruction	Enabling replicative immortality	Tumour-promoting inflammation	Activating invasion and metastasis	Inducing angiogenesis	Genome instability and mutation	Resisting cell death
A1BG										Y			
AAAS				Y								Y	
AACS	Y	Y											
AADAT		Y											
AANAT		Y											
AARS	Y	Y											
AARS2		Y											
AASDHPPT		Y											
AASS		Y											
AATF													Y
ABAT		Y											
ABCB1		Y									Y		
ABCC8		Y											
ABCE1									Y				
ABCG2		Y									Y		
ABI1	Y									Y			
ABI2	Y												
ABL1						Y				Y	Y	Y	
ABR													Y
ABRAXAS1						Y				Y		Y	
ABRAXAS2										Y			
ACAA1		Y											
ACAA2		Y											
ACACA		Y							Y				
ACAD8		Y											
ACADL		Y											
ACADM		Y											
ACADS		Y											
ACADSB		Y											
ACADVL		Y											
ACAN										Y			
ACAT1		Y							Y				
ACAT2		Y							Y				
ACD								Y				Y	
ACHE		Y											
ACKR3									Y				
ACKR4									Y				
ACLY									Y				
ACO1		Y											
ACO2		Y											
ACOT1		Y											
ACOT11		Y											
ACOT12		Y							Y				
ACOT13		Y											
ACOT2		Y											
ACOT4		Y											
ACOT7		Y											
ACSBG1	Y	Y											
ACSBG2	Y	Y											
ACSL1	Y	Y											
ACSL3	Y	Y											
ACSL4	Y	Y											
ACSL5	Y	Y											
ACSL6	Y	Y											
ACSM1		Y											
ACSM2B		Y											
ACSM5		Y											
ACSS1		Y							Y				
ACSS2	Y	Y							Y				
ACSS3		Y											
ACTA1									Y				Y
ACTA2		Y							Y				
ACTB		Y		Y					Y	Y		Y	
ACTBL2									Y	Y			
ACTC1									Y				
ACTG1									Y	Y			
ACTG2		Y							Y				
ACTL6A	Y			Y								Y	
ACTL6B				Y									
ACTN1										Y			
ACTN2	Y	Y								Y	Y		
ACTN3		Y											
ACTN4										Y			
ACTR10							Y						
ACTR1A							Y						
ACTR1B							Y						
ACTR5												Y	
ACTR8												Y	
ACVR1	Y										Y		
ACVR1B	Y										Y		
ACVR1C											Y		
ACVR2A	Y										Y		
ACVR2B	Y										Y		
ACVRL1	Y										Y		
ACY1		Y											
ACYP2		Y											
ADA												Y	
ADAM10											Y		
ADAM12										Y	Y		
ADAM15										Y			
ADAM17	Y										Y		Y
ADAM2										Y			
ADAM8										Y			
ADAP1	Y												
ADAR									Y				
ADCY1		Y											
ADCY10		Y											
ADCY2		Y							Y				
ADCY3		Y											
ADCY4		Y											
ADCY5		Y							Y				
ADCY6		Y							Y				
ADCY7		Y											
ADCY8		Y											
ADCY9		Y											
ADGRA2										Y	Y		
ADH1A		Y											
ADH1B		Y											
ADH1C		Y											
ADH4		Y											
ADH5		Y											
ADH6		Y											
ADH7		Y											
ADIPOQ		Y											
ADIPOR1		Y											
ADIPOR2		Y											
ADK		Y											
ADM		Y									Y		
ADORA2A		Y									Y		
ADPGK	Y	Y											
ADPRM	Y	Y											
ADRA2A		Y											
ADRA2C		Y											
ADRM1												Y	
ADSL	Y	Y											
AEBP2				Y									
AEN												Y	
AFDN										Y			
AFP						Y						Y	
AGAP2	Y												
AGER							Y		Y	Y			
AGL		Y											
AGO1			Y								Y		
AGO2											Y		
AGO3			Y								Y		
AGO4			Y								Y		
AGPAT1		Y											
AGPAT2		Y											
AGPAT3		Y											
AGPAT4		Y											
AGPAT5		Y											
AGRN										Y	Y		
AGT							Y		Y	Y	Y		
AGTR1											Y		
AGXT		Y											
AHCY				Y									
AHCYL1		Y											
AIFM1													Y
AIFM2						Y							
AIMP1	Y	Y											
AIMP2	Y	Y											
AJUBA										Y	Y		
AK1		Y					Y						
AK2		Y											
AK3		Y											
AKAP1		Y											
AKAP13													Y
AKAP5		Y											
AKR1A1		Y											
AKR1B1		Y											
AKR1B10		Y											
AKT1	Y	Y			Y	Y	Y		Y	Y	Y		Y
AKT1S1	Y	Y									Y		
AKT2	Y	Y				Y			Y	Y	Y		Y
AKT3	Y	Y				Y			Y		Y		Y
ALAS1		Y											
ALAS2		Y											
ALDH1B1		Y											
ALDH2		Y											
ALDH3A1		Y											
ALDH3A2		Y											
ALDH3B1		Y											
ALDH4A1		Y											
ALDH6A1		Y											
ALDH7A1		Y											
ALDH9A1	Y												
ALDOA		Y									Y		
ALDOB		Y											
ALDOC		Y											
ALK	Y										Y		
ALOX12									Y				
ALOX15									Y				
ALOX5AP									Y				
AMDHD2		Y											
AMHR2	Y										Y		
AMPD1		Y											
AMPD2		Y											
AMPD3		Y											
ANAPC1			Y			Y	Y						
ANAPC10			Y			Y	Y						
ANAPC11			Y			Y	Y						
ANAPC15			Y			Y	Y						
ANAPC16			Y			Y	Y						
ANAPC2			Y			Y	Y						
ANAPC4			Y			Y	Y						
ANAPC5			Y			Y	Y						
ANAPC7			Y			Y	Y						
ANGPT1	Y	Y									Y		
ANGPT2											Y		
ANGPT4											Y		
ANGPTL3										Y	Y		
ANKRD6											Y		
ANXA1		Y											
ANXA2		Y											
ANXA6		Y											
AP1B1							Y						
AP1G1							Y						
AP1M1							Y			Y			
AP1M2							Y						
AP1S1							Y						
AP1S2							Y						
AP1S3							Y						
AP2A1							Y						
AP2A2							Y						
AP2B1							Y						
AP2M1							Y						
AP2S1							Y						
APAF1	Y					Y							Y
APBB1IP	Y									Y			
APC	Y					Y				Y	Y		
APC2											Y		
APCS		Y											
APEX1		Y									Y		
APH1A											Y		Y
APH1B											Y		Y
APOB										Y			
APP		Y					Y		Y		Y		Y
APRT	Y	Y											
AQP3										Y			
AQP5										Y			
AQR												Y	
AR	Y									Y	Y		
ARAF	Y	Y							Y	Y	Y		
ARAP3	Y									Y	Y		
AREG	Y	Y									Y		
ARF1							Y			Y			
ARF6	Y	Y					Y		Y	Y	Y		Y
ARFGAP1	Y									Y			
ARG1	Y												
ARHGAP1	Y										Y		
ARHGAP10										Y	Y		
ARHGAP12											Y		
ARHGAP15											Y		
ARHGAP26										Y	Y		
ARHGAP35	Y												
ARHGAP4											Y		
ARHGAP42											Y		
ARHGAP5											Y		
ARHGAP6											Y		
ARHGAP8	Y										Y		
ARHGAP9											Y		
ARHGDIA										Y			
ARHGDIB													Y
ARHGEF1										Y	Y		Y
ARHGEF10													Y
ARHGEF10L													Y
ARHGEF11													Y
ARHGEF12													Y
ARHGEF15													Y
ARHGEF16													Y
ARHGEF17													Y
ARHGEF18										Y			Y
ARHGEF19													Y
ARHGEF2										Y			Y
ARHGEF25										Y			
ARHGEF26													Y
ARHGEF3													Y
ARHGEF33													Y
ARHGEF35													Y
ARHGEF37													Y
ARHGEF38													Y
ARHGEF39													Y
ARHGEF4	Y									Y			Y
ARHGEF40													Y
ARHGEF5													Y
ARHGEF6										Y	Y		Y
ARHGEF7	Y									Y	Y		Y
ARHGEF9													Y
ARID1A				Y							Y		
ARID1B				Y									
ARID2				Y									
ARID3A	Y					Y							
ARID4A				Y									
ARID4B				Y									
ARID5B				Y									
ARL1										Y			
ARL2		Y					Y						
ARL2BP		Y					Y						
ARNT		Y									Y		
ARPC1A									Y	Y			
ARPC1B									Y	Y			
ARPC2									Y	Y			
ARPC3									Y	Y			
ARPC4									Y				
ARPC5									Y	Y			
ARPC5L									Y	Y			
ARR3											Y		
ARRB1	Y										Y		
ARRB2	Y						Y		Y	Y	Y		Y
ARTN	Y	Y									Y		
ASAH1		Y											Y
ASAP1	Y									Y	Y		
ASCL1											Y		
ASF1A			Y										
ASH1L				Y									
ASH2L				Y									
ASIP		Y											
ASNS	Y	Y											
ASPA		Y											
ASPH		Y											
ASS1	Y	Y											
ATAT1		Y											
ATF1	Y												Y
ATF2	Y			Y								Y	Y
ATF3						Y							Y
ATF4			Y										Y
ATF6													Y
ATF6B													Y
ATF7													Y
ATF7IP				Y									
ATG12							Y						
ATG13	Y												
ATG5							Y						
ATM	Y					Y		Y				Y	
ATP1B4						Y							
ATP2A1		Y									Y		
ATP2A2	Y	Y									Y		
ATP2A3		Y									Y		
ATP2B1		Y											
ATP2B2		Y											
ATP2B3		Y											
ATP2B4		Y											
ATP2C1		Y											
ATP2C2		Y											
ATP6AP1		Y											
ATP6V0A1		Y											
ATP6V0A2		Y											
ATP6V0A4		Y											
ATP6V0B		Y											
ATP6V0C		Y											
ATP6V0D1		Y											
ATP6V0D2		Y											
ATP6V0E1		Y											
ATP6V0E2		Y											
ATP6V1A		Y											
ATP6V1B1		Y											
ATP6V1B2		Y											
ATP6V1C1		Y											
ATP6V1C2		Y											
ATP6V1D		Y											
ATP6V1E1		Y											
ATP6V1E2		Y											
ATP6V1F		Y											
ATP6V1G1		Y											
ATP6V1G2		Y											
ATP6V1G3		Y											
ATP6V1H		Y											
ATR						Y		Y				Y	
ATRIP						Y		Y				Y	
ATXN7				Y									
ATXN7L3				Y									
AURKA	Y					Y	Y			Y			
AURKB						Y	Y					Y	
AWAT2		Y											
AXIN1	Y										Y		
AXIN2											Y		
AXL	Y											Y	
AZIN2	Y												
B2M	Y						Y						
B4GALT1		Y									Y		
BAAT		Y											
BABAM1						Y				Y		Y	
BABAM2						Y				Y		Y	
BAD	Y	Y			Y					Y	Y		Y
BAG3													Y
BAG4	Y	Y									Y		Y
BAIAP2	Y												
BAK1						Y						Y	Y
BAMBI									Y				
BARD1						Y		Y		Y		Y	
BAX	Y					Y						Y	Y
BBC3						Y						Y	Y
BCAN										Y			
BCAR1	Y									Y	Y		
BCAT1	Y	Y											
BCAT2		Y											
BCHE		Y											
BCKDHA		Y											
BCKDHB		Y											
BCL2	Y				Y	Y							Y
BCL2A1						Y							
BCL2L1	Y					Y							Y
BCL2L10													Y
BCL2L11												Y	Y
BCL2L14						Y							Y
BCL2L2						Y							Y
BCL2L2-PABPN1						Y							Y
BCL6	Y					Y							Y
BCL9											Y		
BCR	Y												
BDKRB2						Y						Y	
BDNF	Y	Y									Y		Y
BEX3													Y
BGLAP	Y										Y		
BGN										Y			
BHLHE40		Y									Y	Y	
BHLHE41		Y									Y		
BID						Y							Y
BIK													Y
BIN1												Y	
BIRC2													Y
BIRC3													Y
BIRC5	Y					Y					Y	Y	Y
BLK	Y	Y					Y		Y	Y	Y		Y
BLM						Y		Y				Y	
BLMH							Y						
BLNK	Y	Y					Y		Y	Y	Y		Y
BLOC1S1											Y		
BMF													Y
BMI1	Y		Y	Y								Y	
BMP2									Y				
BMPR1A	Y								Y		Y		
BMPR1B	Y								Y		Y		
BMPR2	Y								Y		Y		
BMX											Y		
BNIP3	Y	Y									Y		
BNIP3L						Y							
BOC										Y			
BOK													Y
BPGM		Y											
BPNT1	Y	Y											
BRAF	Y	Y					Y		Y	Y	Y		Y
BRAP	Y												
BRCA1	Y					Y		Y		Y		Y	
BRCA2												Y	
BRCC3						Y				Y		Y	
BRD1				Y									
BRD8				Y									
BRIP1						Y		Y				Y	
BRK1	Y												
BRMS1				Y									
BRPF1				Y									
BRPF3				Y									
BRWD1				Y									
BSG	Y						Y		Y	Y	Y		Y
BST2									Y				
BTC	Y	Y									Y		
BTG1	Y												
BTG2	Y					Y							
BTK	Y	Y					Y		Y	Y	Y		Y
BTRC										Y	Y		
BUB1												Y	
BUB1B						Y	Y						
BUB3						Y	Y					Y	
C1QBP		Y											
C2orf49		Y											
C3										Y			
C5AR1									Y				
CA1		Y											
CA2										Y			
CA9		Y									Y		
CAB39	Y	Y											
CAB39L	Y	Y											
CABIN1			Y										
CABLES1	Y					Y							
CACFD1		Y											
CACNA1A	Y	Y											
CACNA1B		Y											
CACNA1C	Y	Y											
CACNA1D		Y											
CACNA1E		Y											
CACNA1F		Y											
CACNA1G	Y												
CACNA1H	Y												
CACNA1S		Y											
CACNA2D1		Y											
CACNA2D2	Y	Y											
CACNA2D3		Y											
CACNA2D4		Y											
CACNB1	Y	Y											
CACNB2		Y											
CACNB3		Y											
CACNB4		Y											
CACNG1		Y											
CACNG2		Y											
CACNG3		Y											
CACNG4		Y											
CACNG5		Y											
CACNG6		Y											
CACNG7		Y											
CACNG8		Y											
CAD	Y	Y											
CALB1		Y											
CALD1		Y											
CALM1	Y	Y					Y		Y	Y	Y		Y
CALM2	Y	Y					Y		Y	Y	Y		Y
CALM3	Y	Y					Y		Y	Y	Y		Y
CALR							Y						
CAMK2A	Y	Y					Y		Y	Y	Y		
CAMK2B	Y	Y					Y		Y		Y		Y
CAMK2D	Y	Y					Y		Y		Y		
CAMK2G	Y	Y					Y		Y		Y		
CAMK4	Y												
CAMKK2	Y	Y											
CAMSAP3										Y			
CANX							Y						
CAPG													Y
CAPZA1							Y						
CAPZA2							Y						
CAPZA3							Y						
CAPZB							Y						
CARM1	Y			Y		Y							
CARNS1		Y											
CARS	Y	Y											
CARS2		Y											
CASK									Y				
CASP1						Y	Y		Y				
CASP10						Y							Y
CASP2												Y	Y
CASP3										Y			Y
CASP6						Y							Y
CASP7										Y			Y
CASP8													Y
CASP9	Y										Y		Y
CASR		Y								Y			
CATSPER1		Y											
CATSPER2		Y											
CATSPER3		Y											
CATSPER4		Y											
CATSPERB		Y											
CATSPERD		Y											
CATSPERG		Y											
CAV1	Y	Y				Y				Y	Y		Y
CAV3		Y											
CBFB	Y						Y	Y				Y	
CBL	Y	Y			Y		Y		Y	Y	Y		Y
CBLB	Y												
CBLC	Y												
CBX2			Y	Y								Y	
CBX3	Y												
CBX4			Y	Y								Y	
CBX5				Y									
CBX6			Y										
CBX8			Y	Y								Y	
CBY1											Y		
CCKBR	Y												
CCL1									Y				
CCL11	Y						Y		Y	Y	Y		Y
CCL13									Y				
CCL16									Y				
CCL18									Y				
CCL19									Y				
CCL2									Y				
CCL20									Y				
CCL21									Y				
CCL22									Y				
CCL25									Y				
CCL26									Y				
CCL27									Y				
CCL28									Y				
CCL3									Y				
CCL3L1									Y				
CCL3L3									Y				
CCL4									Y				
CCL4L1									Y				
CCL4L2									Y				
CCL5	Y								Y				
CCL7									Y				
CCL8									Y				
CCM2	Y												Y
CCNA1	Y		Y	Y		Y	Y	Y				Y	
CCNA2	Y		Y	Y		Y	Y	Y		Y		Y	
CCNB1	Y					Y	Y					Y	
CCNB2						Y						Y	
CCNC						Y							
CCND1	Y			Y		Y				Y	Y	Y	
CCND2	Y					Y							
CCND3						Y							
CCNE1	Y					Y		Y				Y	
CCNE2	Y					Y		Y				Y	
CCNG1						Y							
CCNG2	Y												
CCNH	Y					Y					Y	Y	
CCNK						Y						Y	
CCNT1						Y						Y	
CCNT2						Y						Y	
CCR1									Y				
CCR10									Y				
CCR2									Y				
CCR3									Y				
CCR4									Y				
CCR5									Y				
CCR6									Y				
CCR7									Y				
CCR8									Y				
CCR9									Y				
CCRL2									Y				
CD14									Y	Y			Y
CD151										Y			
CD19	Y												
CD209	Y	Y									Y		
CD247	Y						Y		Y	Y	Y		Y
CD274							Y						
CD28	Y									Y			
CD36		Y											
CD3D	Y						Y		Y	Y	Y		Y
CD3E	Y						Y		Y	Y	Y		Y
CD3G	Y						Y		Y	Y	Y		Y
CD4	Y						Y		Y	Y	Y		Y
CD40													Y
CD40LG										Y			Y
CD44		Y								Y	Y		
CD47										Y			
CD74							Y						
CD79A	Y	Y											
CD79B	Y	Y											
CD80	Y									Y			
CD82						Y							
CD86	Y									Y			
CD9										Y			
CDC14A						Y	Y						
CDC16			Y			Y	Y						
CDC20						Y	Y						
CDC23			Y			Y	Y						
CDC25A	Y					Y						Y	
CDC25B	Y					Y						Y	
CDC25C	Y					Y						Y	
CDC26			Y			Y	Y						
CDC27			Y			Y	Y						
CDC37	Y	Y								Y	Y		
CDC42	Y	Y			Y		Y		Y	Y	Y		Y
CDC6				Y								Y	
CDC7	Y										Y		
CDCA7	Y												
CDH1	Y						Y		Y	Y	Y		Y
CDH10											Y		
CDH11											Y		
CDH12											Y		
CDH13											Y		
CDH15											Y		
CDH16											Y		
CDH17											Y		
CDH18											Y		
CDH19											Y		
CDH2	Y									Y	Y		
CDH20											Y		
CDH22											Y		
CDH23											Y		
CDH24											Y		
CDH3											Y		
CDH4											Y		
CDH5											Y		
CDH6											Y		
CDH7											Y		
CDH8											Y		
CDH9											Y		
CDHR1											Y		
CDHR2											Y		
CDK1	Y					Y	Y				Y	Y	
CDK12												Y	
CDK13												Y	
CDK2	Y		Y	Y		Y	Y	Y			Y	Y	
CDK3	Y										Y		
CDK4	Y		Y	Y		Y					Y	Y	
CDK5	Y										Y		
CDK5R1	Y												
CDK6	Y		Y			Y					Y	Y	
CDK7	Y					Y					Y	Y	
CDK8	Y					Y					Y		
CDK9	Y					Y					Y	Y	
CDKN1A	Y		Y			Y	Y	Y		Y	Y	Y	
CDKN1B	Y		Y			Y	Y	Y		Y	Y	Y	
CDKN1C						Y				Y			
CDKN2A	Y	Y	Y			Y				Y	Y	Y	
CDKN2B	Y		Y			Y				Y			
CDKN2C			Y			Y				Y			
CDKN2D			Y			Y				Y			
CDON										Y			
CDT1				Y									
CDX2					Y								
CEBPA	Y					Y							
CEBPB			Y			Y	Y		Y				
CEBPD	Y											Y	
CEBPZ						Y							
CELSR1											Y		
CELSR2											Y		
CELSR3											Y		
CENPA												Y	
CENPB												Y	
CENPE							Y						
CENPF												Y	
CENPJ	Y					Y							
CENPS												Y	
CEP164												Y	
CER1											Y		
CERS1		Y											
CERS2		Y											
CERS3		Y											
CERS4		Y											
CERS5		Y											
CERS6		Y											
CES5A		Y											
CETN2												Y	
CFL2													Y
CFLAR	Y												Y
CGAS		Y					Y		Y				
CGN										Y			
CHAF1A	Y												
CHAT		Y											
CHD1L											Y		
CHD3				Y									
CHD4				Y									
CHD7											Y		
CHEK1						Y						Y	
CHEK2						Y						Y	
CHM						Y							Y
CHN2	Y									Y			
CHRM3		Y											
CHRNA1		Y											
CHRNA2		Y											
CHRNA3		Y											
CHRNA4	Y	Y											
CHRNA5		Y											
CHRNA6		Y											
CHRNA7		Y											
CHRNA9		Y											
CHRNB2	Y	Y											
CHRNB3		Y											
CHRNB4		Y											
CHUK	Y								Y		Y		Y
CILP		Y											
CINP	Y												
CIR1											Y		
CISH	Y								Y				
CITED2		Y									Y		Y
CKAP5										Y			
CKS1B						Y						Y	
CLCA1		Y								Y			
CLCA2		Y								Y		Y	
CLCA3P		Y											
CLCA4		Y											
CLCF1									Y				
CLEC1B	Y	Y											
CLIC2		Y											
CLIP1	Y												
CLOCK				Y									
CLSPN												Y	
CLTA							Y						
CLTC							Y						Y
CLTRN		Y											
CLU	Y												
CMA1										Y			
CMPK1		Y					Y						
CNGA1	Y	Y					Y		Y	Y	Y		Y
CNGA3	Y						Y		Y	Y	Y		Y
CNGB1	Y	Y					Y		Y	Y	Y		Y
CNGB3	Y						Y		Y	Y	Y		Y
CNKSR1	Y												
CNKSR2	Y												
CNOT1	Y	Y				Y							
CNOT10	Y	Y				Y							
CNOT11	Y	Y				Y							
CNOT2	Y	Y				Y							
CNOT3	Y	Y				Y							
CNOT4	Y	Y				Y							
CNOT6	Y	Y				Y							
CNOT6L	Y	Y				Y							
CNOT7	Y	Y				Y							
CNOT8	Y	Y				Y							
CNOT9	Y	Y				Y							
CNTF									Y				
CNTFR									Y				
CNTN1											Y		
CNTN6											Y		
CNTRL	Y												
COASY		Y											
COL10A1										Y			
COL11A1										Y	Y		
COL11A2										Y	Y		
COL12A1									Y	Y			
COL13A1										Y			
COL14A1									Y	Y			
COL15A1										Y			
COL16A1										Y			
COL17A1										Y			
COL18A1						Y				Y			
COL19A1										Y			
COL1A1										Y	Y		
COL1A2	Y									Y	Y		
COL20A1									Y	Y			
COL23A1										Y			
COL27A1										Y			
COL2A1										Y	Y		
COL3A1										Y	Y		
COL4A1										Y	Y		
COL4A2										Y	Y		
COL4A3										Y	Y		
COL4A4										Y	Y		
COL4A5										Y	Y		
COL4A6										Y	Y		
COL5A1										Y	Y	Y	
COL5A2										Y	Y		
COL5A3										Y			
COL6A1									Y	Y	Y		
COL6A2									Y	Y	Y		
COL6A3									Y	Y	Y		
COL6A5										Y	Y		
COL6A6										Y	Y		
COL7A1										Y	Y		
COL8A1										Y			
COL8A2										Y			
COL9A1										Y	Y		
COL9A2										Y	Y		
COL9A3										Y	Y		
COLEC10		Y											
COLEC11		Y											
COMP										Y			
COP1						Y							
COPRS				Y									
COPS2												Y	
COPS3												Y	
COPS4												Y	
COPS5		Y									Y	Y	
COPS6												Y	
COPS7A												Y	
COPS7B												Y	
COPS8												Y	
CP		Y									Y		
CPE		Y											
CPLX1		Y											
CPNE1		Y											
CPNE3		Y											
CPNE6		Y											
CPNE7		Y											
CPS1		Y											
CPSF6	Y												
CPT1A		Y											
CPT1B		Y											
CPT1C		Y											
CPT2		Y											
CRADD													Y
CRAT		Y											
CREB1	Y	Y							Y	Y	Y		
CREBBP	Y	Y		Y	Y	Y	Y		Y	Y	Y	Y	Y
CREM													Y
CRK	Y	Y					Y		Y	Y	Y		Y
CRKL	Y	Y			Y		Y		Y	Y	Y		Y
CRLF1									Y				
CRYAA											Y		
CRYAB											Y		
CS		Y							Y				
CSDE1	Y												
CSE1L						Y							
CSF1										Y	Y		
CSF1R										Y	Y		
CSF2	Y	Y					Y		Y	Y	Y		Y
CSF2RA	Y	Y							Y	Y	Y		
CSF2RB	Y	Y							Y		Y		
CSF3R									Y				
CSH1	Y												
CSK	Y						Y			Y	Y		
CSNK1A1	Y					Y	Y		Y	Y	Y		
CSNK1A1L										Y	Y		
CSNK1D	Y					Y				Y	Y		
CSNK1E	Y					Y				Y	Y		
CSNK1G1	Y					Y				Y	Y		
CSNK1G2	Y					Y				Y	Y		
CSNK1G3	Y					Y				Y	Y		
CSNK2A1	Y										Y		
CSNK2A2											Y		
CSNK2A3											Y		
CSNK2B											Y		
CSPG4										Y			
CTBP1											Y		
CTBP2											Y		
CTDP1												Y	
CTF1									Y				
CTH		Y											
CTHRC1											Y		
CTNNA1										Y	Y		
CTNNA2											Y		
CTNNA3											Y		
CTNNAL1											Y		
CTNNB1						Y	Y		Y	Y	Y		
CTNNBIP1											Y		
CTNND1	Y									Y			
CTRB1										Y			
CTRB2										Y			
CTSA							Y						
CTSB							Y						
CTSC							Y						
CTSD						Y	Y						Y
CTSE							Y						
CTSF							Y						
CTSG										Y			
CTSH							Y						
CTSK							Y			Y			
CTSL							Y						
CTSO							Y						
CTSS							Y						
CTSV							Y			Y			
CTTN	Y									Y			
CUL1				Y		Y				Y	Y		
CUL2		Y									Y		
CUL3	Y										Y		
CUL4A								Y				Y	
CUL4B								Y				Y	
CUX1	Y												
CX3CL1						Y			Y				
CX3CR1									Y				
CXCL1									Y				
CXCL10	Y						Y		Y	Y	Y		Y
CXCL11	Y						Y		Y	Y	Y		Y
CXCL12		Y							Y		Y		
CXCL13	Y						Y		Y	Y	Y		Y
CXCL16									Y				
CXCL2									Y				
CXCL3									Y				
CXCL5									Y				
CXCL6									Y				
CXCL8			Y						Y				
CXCL9	Y						Y		Y	Y	Y		Y
CXCR1									Y				
CXCR2									Y				
CXCR3	Y						Y		Y	Y	Y		Y
CXCR4		Y							Y		Y		
CXCR5									Y				
CXCR6									Y				
CYC1													Y
CYCS	Y												Y
CYFIP1	Y												
CYFIP2	Y									Y			
CYLD							Y						Y
CYTH1	Y												
CYTH2	Y									Y			
CYTH3	Y												
DAAM1										Y	Y		
DAB1										Y			
DAB2IP	Y												
DACT1											Y		
DAG1										Y			
DAGLA		Y											
DAGLB		Y											
DAP3													Y
DAPK1							Y		Y				
DAPP1	Y	Y											
DARS	Y	Y											
DAXX						Y							Y
DBNL							Y		Y				Y
DBT		Y											
DCC										Y	Y		
DCD		Y											
DCHS1											Y		
DCK		Y											
DCN										Y			
DCP1B												Y	
DCP2			Y										
DCTN1							Y						
DCTN2							Y						
DCTN3							Y						
DCTN4							Y						
DCTN5							Y						
DCTN6							Y						
DDB1								Y				Y	
DDB2						Y						Y	
DDIT3	Y												Y
DDIT4	Y					Y							
DDO		Y											
DDX1		Y											
DDX18	Y												
DDX41							Y		Y				
DDX5						Y							
DDX58							Y		Y				
DEDD												Y	
DEF6										Y			
DEPTOR	Y										Y		
DERA		Y											
DES		Y											
DFFA													Y
DFFB													Y
DGAT1		Y											
DGAT2		Y											
DGAT2L6		Y											
DGAT2L7P		Y											
DGCR8						Y							
DGKA		Y											
DGKB		Y											
DGKD		Y											
DGKE		Y											
DGKG		Y											
DGKH		Y											
DGKI		Y											
DGKK		Y											
DGKQ		Y											
DGKZ		Y											
DHH										Y			
DHTKD1		Y											
DHX36							Y		Y				
DHX58							Y		Y				
DHX9							Y		Y				
DIABLO													Y
DIAPH1										Y			
DIS3	Y	Y	Y										
DKC1	Y							Y					
DKK1	Y				Y	Y					Y		
DKK2											Y		
DKK3											Y		
DKK4											Y		
DLAT		Y							Y				
DLD		Y											
DLG1	Y	Y								Y	Y		
DLG2	Y	Y									Y		
DLG3	Y	Y									Y		
DLG4	Y	Y									Y		
DLK1											Y		
DLL1											Y		
DLL3											Y		
DLL4											Y		
DLST		Y											
DLX5												Y	
DLX6												Y	
DMAP1				Y									
DMBT1										Y			
DMC1												Y	
DMD		Y								Y			
DNA2						Y		Y				Y	
DNAJC27										Y			
DNER											Y		
DNM1							Y				Y		
DNM2							Y						
DNM3							Y						
DNMT1				Y									
DNMT3A	Y			Y									
DNMT3B				Y									
DNTT	Y												
DOCK1	Y									Y	Y		
DOCK10										Y			
DOCK2										Y			
DOCK3	Y									Y			
DOCK4										Y			
DOCK5										Y			
DOCK6										Y			
DOCK7	Y									Y			
DOCK8										Y			
DOCK9										Y			
DOK1	Y	Y			Y					Y	Y		
DOK2											Y		
DOK3											Y		
DOT1L				Y									
DPH6	Y	Y											
DPY30				Y									
DR1				Y									
DROSHA						Y							
DSCAM													Y
DSP										Y			
DST										Y			
DTL								Y				Y	
DTX1											Y		
DTX4							Y		Y				
DUSP1	Y					Y							
DUSP10	Y												
DUSP16	Y												
DUSP2	Y												
DUSP3	Y												
DUSP4	Y												
DUSP5	Y					Y							
DUSP6	Y						Y		Y	Y	Y		Y
DUSP7	Y												
DUSP8	Y												
DUSP9	Y												
DVL1	Y	Y					Y		Y	Y	Y		Y
DVL1P1											Y		
DVL2	Y	Y					Y		Y	Y	Y		Y
DVL3	Y	Y					Y		Y	Y	Y		Y
DYNC1H1							Y						
DYNC1I1							Y						
DYNC1I2							Y						
DYNC1LI1							Y						
DYNC1LI2							Y						
DYNLL1							Y						
DYNLL2							Y						
DYRK2						Y							
DYSF		Y											
E2F1	Y		Y			Y					Y		Y
E2F2			Y			Y							
E2F3	Y		Y			Y					Y		
E2F4	Y					Y							
E2F5	Y					Y							
E2F6	Y												
E2F7	Y												
E2F8	Y												
E4F1						Y							
EARS2		Y											
ECHS1		Y											
ECT2													Y
EDIL3										Y	Y		
EDN1	Y	Y			Y					Y	Y		
EDN2						Y							
EDNRA	Y				Y					Y	Y		
EDNRB	Y												
EED			Y	Y									
EEF1E1	Y	Y											
EEF2	Y												
EEF2K	Y												
EFNA1	Y	Y			Y		Y		Y	Y	Y		Y
EFNB1	Y									Y	Y		
EFNB2	Y									Y	Y		
EFNB3	Y									Y	Y		
EGF	Y	Y				Y	Y		Y	Y	Y		Y
EGFR	Y	Y			Y	Y	Y		Y	Y	Y		Y
EGLN1		Y									Y		
EGLN2		Y									Y		
EGLN3		Y									Y		
EGR1	Y								Y				
EGR2			Y										
EHF											Y		
EHMT1	Y		Y	Y									
EHMT2	Y		Y	Y									
EID3												Y	
EIF2AK2													Y
EIF2S1	Y												Y
EIF4A1	Y	Y											
EIF4A2	Y	Y											
EIF4B	Y												
EIF4E	Y	Y								Y			
EIF4EBP1	Y	Y								Y			
EIF4G1	Y	Y											
EIF4G3	Y	Y											
EIF6										Y			
ELANE										Y			
ELF1											Y		
ELF2											Y		
ELF3											Y		
ELF4											Y		
ELF5											Y		
ELK1	Y	Y									Y		
ELK3	Y												
ELK4	Y										Y		
ELL												Y	
ELMO1	Y									Y	Y		
ELMO2	Y									Y			
ELN										Y			
ELOA												Y	
ELOA2												Y	
ELOA3												Y	
ELOA3B												Y	
ELOA3D												Y	
ELOB		Y									Y	Y	
ELOC		Y									Y	Y	
ELOVL1		Y											
ELOVL2		Y											
ELOVL3		Y											
ELOVL4		Y											
ELOVL5		Y											
ELOVL6		Y											
ELOVL7		Y											
ELP1				Y							Y		
ELP2				Y									
ELP3				Y									
ELP4				Y									
ELP5				Y									
ELP6				Y									
EME1												Y	
EME2												Y	
ENAH										Y			
ENDOG													Y
ENG	Y	Y					Y		Y	Y	Y		Y
ENO1	Y	Y									Y		
ENO2		Y											
ENO3		Y											
ENPP1	Y	Y											
ENTPD2		Y											
ENTPD3		Y											
ENTPD5		Y											
ENY2				Y									
EOMES					Y								
EP300	Y	Y		Y		Y	Y		Y	Y	Y	Y	Y
EP400	Y		Y	Y				Y			Y	Y	
EPAS1		Y			Y						Y		
EPC1				Y									
EPGN	Y	Y									Y		
EPHA2	Y	Y			Y	Y	Y		Y	Y	Y		Y
EPHA3											Y		
EPHB1	Y									Y	Y		
EPHB2										Y	Y		
EPHB3											Y		
EPHB4										Y	Y		
EPO	Y	Y			Y						Y		
EPOR	Y	Y			Y				Y		Y		
EPRS	Y	Y											
EPS15											Y		
EPS8	Y									Y			
ERAP1							Y						
ERAP2							Y						
ERBB2	Y	Y					Y		Y	Y	Y		Y
ERBB3	Y	Y					Y		Y	Y	Y		Y
ERBB4	Y	Y					Y		Y	Y	Y		Y
ERBIN										Y			
ERCC2												Y	
ERCC3												Y	
ERCC6												Y	
ERCC8												Y	
EREG	Y	Y									Y		
ERF			Y								Y		
ERG	Y										Y		
ERLIN2	Y	Y									Y		
ERO1A		Y											
ERO1B		Y											
ESR1	Y	Y			Y	Y	Y		Y	Y	Y	Y	Y
ESR2	Y												
ETS1	Y	Y	Y								Y		
ETS2	Y		Y										
ETV3											Y		
ETV5	Y											Y	
ETV6	Y												
EXO1						Y		Y				Y	
EXOC1		Y								Y			
EXOC2	Y	Y											
EXOC3		Y								Y			
EXOC4		Y								Y			
EXOC5		Y											
EXOC6		Y											
EXOC7		Y											
EXOC8		Y											
EXOSC1	Y	Y	Y										
EXOSC2	Y	Y	Y										
EXOSC3	Y	Y	Y										
EXOSC4	Y	Y	Y										
EXOSC5	Y	Y	Y										
EXOSC6	Y	Y	Y										
EXOSC7	Y	Y	Y										
EXOSC8	Y	Y	Y										
EXOSC9	Y	Y	Y										
EZH2			Y	Y									
EZR													Y
F10		Y								Y			
F11R	Y	Y			Y		Y		Y	Y	Y		Y
F13A1		Y								Y			
F2											Y		
F2R											Y		
F2RL2		Y											
F3											Y		
F7											Y		
F8		Y											
F9		Y											
FAAP100												Y	
FAAP24												Y	
FADD							Y		Y				Y
FAF1													Y
FAIM2													Y
FAM98B		Y											
FAN1												Y	
FANCA												Y	
FANCB												Y	
FANCC												Y	
FANCD2												Y	
FANCE												Y	
FANCF												Y	
FANCG												Y	
FANCI												Y	
FANCL												Y	
FANCM												Y	
FAR1		Y											
FAR2		Y											
FARP2										Y			
FARSA	Y	Y											
FARSB	Y	Y											
FAS	Y					Y						Y	Y
FASLG	Y												Y
FASN		Y							Y			Y	
FAT1											Y		
FAT2											Y		
FAT3											Y		
FBN1										Y			
FBP1		Y											
FBP2		Y											
FBXO11						Y							
FBXO45												Y	
FBXO5						Y	Y						
FBXW11										Y	Y		
FBXW7	Y										Y	Y	
FCER1A		Y			Y		Y		Y	Y	Y		
FCER1G		Y			Y		Y		Y	Y	Y		
FCGR1A	Y												
FCGR2A	Y									Y			
FCGR3A	Y												
FCN1		Y											
FCN2		Y											
FCN3		Y											
FDXR						Y							
FECH		Y									Y		
FER					Y								
FES										Y	Y		
FEV											Y		
FFAR1		Y											
FGA	Y									Y			
FGB	Y									Y			
FGD1													Y
FGD2													Y
FGD3													Y
FGD4													Y
FGF1	Y	Y									Y		
FGF10	Y	Y									Y		
FGF11	Y												
FGF12	Y												
FGF13	Y												
FGF14	Y												
FGF16	Y	Y									Y		
FGF17	Y	Y									Y		
FGF18	Y	Y									Y		
FGF19	Y	Y									Y		
FGF2	Y	Y					Y		Y	Y	Y		Y
FGF20	Y	Y									Y		
FGF21	Y	Y											
FGF22	Y	Y									Y		
FGF23	Y	Y									Y		
FGF3	Y	Y									Y		
FGF4	Y	Y									Y		
FGF5	Y	Y									Y		
FGF6	Y	Y									Y		
FGF7	Y	Y									Y		
FGF8	Y	Y									Y		
FGF9	Y	Y									Y		
FGFR1	Y	Y									Y		
FGFR1OP	Y												
FGFR1OP2	Y												
FGFR2	Y	Y									Y		
FGFR3	Y	Y									Y		
FGFR4	Y	Y									Y		
FGG	Y									Y			
FGR	Y	Y					Y		Y	Y	Y		Y
FH		Y											
FHIT		Y											
FHL1											Y		
FKBP1A	Y	Y					Y		Y	Y	Y		
FKBP1B		Y											
FKBP8		Y											
FKBPL						Y							
FLI1	Y										Y		
FLNA	Y						Y		Y	Y	Y		Y
FLNB										Y			
FLOT2												Y	
FLT1	Y	Y									Y		
FLT3	Y	Y									Y		
FLT3LG	Y	Y									Y		
FLT4	Y	Y			Y		Y		Y	Y	Y		
FMN1										Y			
FN1	Y									Y	Y		
FOS	Y	Y	Y								Y	Y	Y
FOSB						Y							
FOSL1	Y												
FOSL2												Y	
FOXA1						Y							
FOXA2										Y			
FOXG1	Y												
FOXM1	Y					Y						Y	
FOXO1	Y	Y				Y					Y		Y
FOXO3	Y	Y			Y	Y						Y	Y
FOXO4	Y	Y				Y							Y
FOXO6	Y	Y											
FOXP1					Y								
FPR1									Y				
FPR3									Y				
FRAT1											Y		
FRAT2											Y		
FRS2	Y	Y									Y		
FRS3	Y	Y									Y		
FRZB											Y		
FSTL1											Y		
FTH1	Y												
FURIN		Y								Y	Y		
FUT8											Y		
FXN		Y									Y		
FYN	Y	Y					Y		Y	Y	Y		Y
FZD1											Y		
FZD10											Y		
FZD2	Y						Y		Y	Y	Y		Y
FZD3											Y		
FZD4											Y		
FZD5		Y					Y		Y	Y	Y		Y
FZD6											Y		
FZD7											Y		
FZD8											Y		
FZD9											Y		
FZR1	Y		Y			Y	Y						
G6PC		Y											
G6PC2		Y											
G6PD		Y											
GAA											Y		
GAB1	Y	Y			Y		Y		Y	Y	Y		Y
GAB2	Y	Y			Y		Y		Y	Y	Y		Y
GAB3	Y												
GABPA											Y		
GAD1	Y												
GADD45A	Y					Y							Y
GADD45B	Y					Y							Y
GADD45G	Y					Y							Y
GALK1		Y											
GALM		Y											
GALT		Y											
GANC		Y											
GAPDH	Y	Y											
GAPDHS		Y											
GARS	Y	Y											
GAS1												Y	
GAS2													Y
GAST	Y												
GATA1											Y	Y	
GATA2		Y									Y		
GATA3											Y		
GATA4											Y		
GATA6					Y						Y		
GATAD2A				Y									
GATAD2B				Y									
GBA2		Y											
GBA3		Y											
GBP2									Y				
GCAT		Y											
GCDH		Y											
GCG		Y											
GCK		Y									Y		
GCKR		Y											
GCLC		Y											
GCLM		Y											
GDF15						Y						Y	
GDNF	Y	Y			Y		Y		Y	Y	Y		
GEN1												Y	
gene_list													
GFI1	Y												
GFPT1		Y											
GFPT2		Y											
GFRA1	Y	Y			Y		Y		Y	Y	Y		
GFRA2	Y	Y									Y		
GFRA3	Y	Y									Y		
GFRA4	Y	Y									Y		
GH1	Y												
GH2	Y												
GHR	Y								Y		Y		
GIT1	Y									Y			
GIT2										Y	Y		
GK		Y											
GK2		Y											
GK3P		Y											
GLB1		Y											
GLI1										Y			
GLI2										Y			
GLI3										Y			
GLP1R		Y											
GLS2		Y											
GLUD1		Y											
GLUL		Y											
GLYAT		Y											
GLYCTK		Y											
GMPS	Y	Y											
GNA11	Y	Y							Y	Y	Y		
GNA13													Y
GNA14	Y	Y							Y	Y	Y		
GNA15	Y	Y							Y	Y	Y		
GNAI1	Y	Y					Y		Y	Y	Y		Y
GNAI2	Y	Y					Y		Y	Y	Y		Y
GNAI3	Y	Y					Y		Y	Y	Y		Y
GNAL		Y								Y			
GNAO1	Y	Y					Y		Y	Y	Y		Y
GNAQ	Y	Y							Y	Y	Y		
GNAS		Y								Y			
GNAT1		Y											
GNAT2	Y	Y											
GNAT3		Y											
GNAZ	Y	Y					Y		Y	Y	Y		Y
GNB1	Y	Y			Y		Y		Y	Y	Y		Y
GNB2	Y	Y									Y		
GNB3	Y	Y							Y		Y		
GNB4	Y	Y									Y		
GNB5	Y	Y											
GNG10	Y	Y							Y		Y		
GNG11	Y	Y											
GNG12	Y	Y							Y		Y		
GNG13	Y	Y									Y		
GNG2	Y	Y			Y		Y		Y	Y	Y		Y
GNG3	Y	Y							Y		Y		
GNG4	Y	Y							Y		Y		
GNG5	Y	Y							Y		Y		
GNG7	Y	Y							Y		Y		
GNG8	Y	Y							Y		Y		
GNGT1	Y	Y											
GNGT2	Y	Y											
GNPAT		Y											
GNPDA1		Y											
GNPDA2		Y											
GNPNAT1		Y							Y				
GOT1		Y											
GOT2		Y											
GP1BA										Y			
GPAM	Y	Y											
GPAT2		Y											
GPAT3		Y											
GPAT4		Y											
GPC1										Y	Y		
GPC4										Y	Y		
GPD1		Y											
GPD1L		Y											
GPD2		Y											
GPHN	Y	Y											
GPI		Y											
GPR161		Y											
GPR37		Y									Y		
GPR37L1		Y									Y		
GPR39		Y											
GPS1												Y	
GPS2				Y									
GPT		Y							Y				
GPT2		Y							Y				
GPX1						Y							
GPX2												Y	
GRAMD4												Y	
GRAP	Y								Y		Y		
GRAP2	Y	Y			Y		Y		Y	Y	Y		Y
GRB10		Y			Y								
GRB14	Y	Y								Y	Y		
GRB2	Y	Y			Y		Y		Y	Y	Y		Y
GRB7											Y		
GRIA1		Y											
GRIA3		Y											
GRIA4		Y											
GRIK1		Y											
GRIK2		Y											
GRIK3		Y											
GRIK4		Y											
GRIK5		Y											
GRIN1	Y	Y								Y	Y		
GRIN2A	Y	Y											
GRIN2B	Y	Y								Y	Y		
GRIN2C		Y											
GRIN2D	Y	Y									Y		
GRIN3A	Y												
GRK2	Y									Y	Y		
GRK3	Y										Y		
GRK4	Y										Y		
GRK5	Y										Y		
GRK6	Y								Y		Y		
GRK7	Y										Y		
GSC					Y								
GSK3A	Y										Y	Y	
GSK3B	Y	Y			Y	Y				Y	Y	Y	
GSN	Y									Y			Y
GTF2F1	Y											Y	
GTF2F2	Y											Y	
GTF2H1												Y	
GTF2H2	Y											Y	
GTF2H3												Y	
GTF2H4												Y	
GTF2H5												Y	
GTSE1						Y							
GUK1		Y					Y						
GYG1		Y											
GYS1		Y											
GYS2		Y											
GZMB	Y												Y
GZMH													Y
H1F0			Y										Y
H2AFB1			Y	Y		Y		Y			Y	Y	
H2AFJ			Y	Y		Y		Y			Y	Y	
H2AFV			Y	Y		Y		Y			Y	Y	
H2AFX			Y	Y		Y		Y			Y	Y	
H2AFZ			Y	Y		Y		Y			Y	Y	
H2BFS			Y	Y		Y		Y			Y	Y	
H3F3A			Y	Y		Y					Y	Y	
H3F3B			Y	Y		Y					Y	Y	
H6PD		Y											
HADH		Y											
HADHA		Y											
HADHB		Y											
HAGH		Y										Y	
HARS	Y	Y											
HARS2		Y											
HAT1				Y									
HBEGF	Y	Y									Y		
HBP1	Y											Y	
HBS1L	Y	Y											
HCFC1				Y									
HCK	Y	Y					Y		Y	Y	Y		Y
HCN1		Y											
HCN2		Y											
HCN3		Y											
HCN4		Y											
HDAC1	Y			Y		Y			Y	Y	Y		
HDAC10				Y							Y		
HDAC11											Y		
HDAC2	Y			Y		Y			Y	Y	Y		
HDAC3	Y			Y		Y			Y		Y		
HDAC4				Y		Y			Y		Y		
HDAC5						Y			Y		Y		
HDAC6	Y	Y				Y		Y	Y		Y	Y	
HDAC7		Y				Y			Y		Y	Y	
HDAC8				Y		Y			Y		Y		
HDAC9						Y			Y		Y		
HELLS											Y	Y	
HERC2						Y						Y	
HERC5							Y		Y				
HES1											Y	Y	
HES5											Y		
HES6											Y		
HEY1											Y		
HEY2											Y	Y	
HGF	Y	Y			Y	Y	Y		Y	Y	Y		
HGSNAT		Y											
HHAT										Y			
HHEX					Y								
HHIP										Y			
HIBCH		Y											
HIC1						Y							
HIF1A		Y									Y		
HIF1AN		Y									Y		
HIF3A		Y			Y						Y		
HIGD1A											Y		
HIPK2						Y							
HIRA			Y										
HIST1H1A			Y										Y
HIST1H1B			Y										Y
HIST1H1C			Y										Y
HIST1H1D			Y										Y
HIST1H1E			Y										Y
HIST1H2AA				Y						Y			
HIST1H2AB			Y	Y		Y		Y		Y	Y	Y	
HIST1H2AC			Y	Y		Y		Y		Y	Y	Y	
HIST1H2AD			Y	Y		Y		Y		Y	Y	Y	
HIST1H2AE			Y	Y		Y		Y		Y	Y	Y	
HIST1H2AG				Y						Y			
HIST1H2AH				Y						Y			
HIST1H2AI				Y						Y			
HIST1H2AJ			Y	Y		Y		Y		Y	Y	Y	
HIST1H2AK				Y						Y			
HIST1H2AL				Y						Y			
HIST1H2AM				Y						Y			
HIST1H2BA			Y	Y		Y		Y			Y	Y	
HIST1H2BB			Y	Y		Y		Y			Y	Y	
HIST1H2BC			Y	Y		Y		Y			Y	Y	
HIST1H2BD			Y	Y		Y		Y			Y	Y	
HIST1H2BE			Y	Y		Y		Y			Y	Y	
HIST1H2BF			Y	Y		Y		Y			Y	Y	
HIST1H2BG			Y	Y		Y		Y			Y	Y	
HIST1H2BH			Y	Y		Y		Y			Y	Y	
HIST1H2BI			Y	Y		Y		Y			Y	Y	
HIST1H2BJ			Y	Y		Y		Y			Y	Y	
HIST1H2BK			Y	Y		Y		Y			Y	Y	
HIST1H2BL			Y	Y		Y		Y			Y	Y	
HIST1H2BM			Y	Y		Y		Y			Y	Y	
HIST1H2BN			Y	Y		Y		Y			Y	Y	
HIST1H2BO			Y	Y		Y		Y			Y	Y	
HIST1H3A			Y	Y		Y					Y	Y	
HIST1H3B			Y	Y		Y					Y	Y	
HIST1H3C			Y	Y		Y					Y	Y	
HIST1H3D			Y	Y		Y					Y	Y	
HIST1H3E			Y	Y		Y					Y	Y	
HIST1H3F			Y	Y		Y					Y	Y	
HIST1H3G			Y	Y		Y					Y	Y	
HIST1H3H			Y	Y		Y					Y	Y	
HIST1H3I			Y	Y		Y					Y	Y	
HIST1H3J			Y	Y		Y					Y	Y	
HIST1H4A			Y	Y		Y		Y			Y	Y	
HIST1H4B			Y	Y		Y		Y			Y	Y	
HIST1H4C			Y	Y		Y		Y			Y	Y	
HIST1H4D			Y	Y		Y		Y			Y	Y	
HIST1H4E			Y	Y		Y		Y			Y	Y	
HIST1H4F			Y	Y		Y		Y			Y	Y	
HIST1H4H			Y	Y		Y		Y			Y	Y	
HIST1H4I			Y	Y		Y		Y			Y	Y	
HIST1H4J			Y	Y		Y		Y			Y	Y	
HIST1H4K			Y	Y		Y		Y			Y	Y	
HIST1H4L			Y	Y		Y		Y			Y	Y	
HIST2H2AA3			Y	Y		Y		Y		Y	Y	Y	
HIST2H2AA4			Y	Y		Y		Y		Y	Y	Y	
HIST2H2AB				Y						Y			
HIST2H2AC			Y	Y		Y		Y		Y	Y	Y	
HIST2H2BE			Y	Y		Y		Y			Y	Y	
HIST2H2BF				Y									
HIST2H3A			Y	Y		Y					Y	Y	
HIST2H3C			Y	Y		Y					Y	Y	
HIST2H3D			Y	Y		Y					Y	Y	
HIST2H4A			Y	Y		Y		Y			Y	Y	
HIST2H4B			Y	Y		Y		Y			Y	Y	
HIST3H2A				Y						Y			
HIST3H2BB			Y	Y		Y		Y			Y	Y	
HIST3H3						Y		Y				Y	
HIST4H4			Y	Y		Y		Y			Y	Y	
HK1		Y									Y		
HK2		Y									Y		
HK3		Y											
HKDC1		Y											
HLA-A							Y		Y				
HLA-B							Y		Y				
HLA-C							Y		Y				
HLA-DMA							Y						
HLA-DMB							Y						
HLA-DOA							Y						
HLA-DOB							Y						
HLA-DPA1							Y		Y				
HLA-DPB1							Y		Y				
HLA-DQA1							Y		Y				
HLA-DQA2							Y		Y				
HLA-DQB1							Y		Y				
HLA-DQB2							Y		Y				
HLA-DRA	Y						Y		Y	Y	Y		Y
HLA-DRB1	Y						Y		Y	Y	Y		Y
HLA-DRB3							Y		Y				
HLA-DRB4							Y		Y				
HLA-DRB5							Y		Y				
HLA-E	Y						Y		Y				
HLA-F							Y		Y				
HLA-G							Y		Y				
HLA-H							Y						
HLCS	Y	Y											
HLTF											Y		
HMG20B				Y									
HMGA1	Y		Y										
HMGA2			Y										
HMGB1						Y	Y		Y	Y	Y		Y
HMGB2													Y
HMGCL		Y											
HMGCR		Y											
HMGCS1		Y							Y				
HMGCS2	Y	Y							Y				
HMGN1												Y	
HMOX1		Y									Y		
HNF1A											Y		
HNF4A		Y									Y		
HOXB9	Y												
HRAS	Y	Y			Y		Y		Y	Y	Y		Y
HRG		Y											
HSD17B10		Y											
HSD17B3		Y											
HSF1												Y	
HSP90AA1	Y	Y				Y				Y	Y		
HSP90AB1						Y				Y	Y		
HSPA1A						Y						Y	Y
HSPA1B						Y						Y	Y
HSPA1L													Y
HSPA2													Y
HSPA4	Y												
HSPA5							Y						Y
HSPA6													Y
HSPA8													Y
HSPB1	Y										Y		
HSPD1	Y												
HSPG2										Y	Y		
HTR3A		Y											
HTR3B		Y											
HTR3C		Y											
HTR3D		Y											
HTR3E		Y											
HTT						Y							
HUS1						Y		Y				Y	
HUWE1	Y					Y							
IARS	Y	Y											
IARS2		Y											
IBSP										Y			
ICAM1										Y			
ICAM2										Y			
ICAM3		Y								Y			
ICAM4										Y			
ICAM5										Y			
ICOS	Y												
ID1			Y										
ID2	Y	Y									Y		
IDH1		Y									Y		
IDH2		Y											
IDH3A		Y											
IDH3B		Y											
IDH3G		Y											
IFI16							Y		Y				
IFI27									Y				
IFI35									Y				
IFI6									Y				
IFIH1							Y		Y				
IFIT1									Y				
IFIT2									Y				
IFIT3									Y				
IFITM1									Y				
IFITM2									Y				
IFITM3									Y				
IFNA1	Y						Y		Y				
IFNA10	Y						Y		Y				
IFNA13	Y						Y		Y				
IFNA14	Y						Y		Y				
IFNA16	Y						Y		Y				
IFNA17	Y						Y		Y				
IFNA2	Y						Y		Y				
IFNA21	Y						Y		Y				
IFNA4	Y						Y		Y				
IFNA5	Y						Y		Y				
IFNA6	Y						Y		Y				
IFNA7	Y						Y		Y				
IFNA8	Y						Y		Y				
IFNAR1	Y						Y		Y				
IFNAR2	Y						Y		Y				
IFNB1									Y				
IFNG	Y	Y			Y		Y		Y	Y	Y		Y
IFNGR1	Y	Y			Y		Y		Y	Y	Y		Y
IFNGR2							Y		Y				
IFT122		Y											
IFT140		Y											
IFT172										Y			
IFT88										Y			
IGBP1						Y							
IGF1	Y	Y			Y		Y		Y	Y	Y		Y
IGF1R	Y	Y			Y		Y		Y	Y	Y		Y
IGF2		Y											
IGF2BP1		Y											
IGF2BP2		Y											
IGF2BP3		Y											
IGF2R		Y											Y
IGFBP1		Y									Y		
IGFBP3						Y						Y	Y
IGFBP7			Y										
IGHD	Y	Y											
IGHE	Y	Y			Y		Y		Y	Y	Y		
IGHG1	Y												
IGHG2	Y												
IGHG3	Y												
IGHG4	Y												
IGHM	Y	Y											
IGHV1-2	Y	Y											
IGHV1-46	Y	Y											
IGHV1-69	Y	Y											
IGHV2-5	Y	Y											
IGHV2-70	Y	Y											
IGHV3-11	Y	Y											
IGHV3-13	Y	Y											
IGHV3-23	Y	Y											
IGHV3-30	Y	Y											
IGHV3-33	Y	Y											
IGHV3-48	Y	Y											
IGHV3-53	Y	Y											
IGHV3-7	Y	Y											
IGHV3-9	Y	Y											
IGHV4-34	Y	Y											
IGHV4-39	Y	Y											
IGHV4-59	Y	Y											
IGKC	Y	Y											
IGKV1-12	Y	Y											
IGKV1-16	Y	Y											
IGKV1-17	Y	Y											
IGKV1-33	Y	Y											
IGKV1-39	Y	Y											
IGKV1-5	Y	Y											
IGKV1D-12	Y	Y											
IGKV1D-16	Y	Y											
IGKV1D-33	Y	Y											
IGKV1D-39	Y	Y											
IGKV2-28	Y	Y											
IGKV2-29	Y	Y											
IGKV2-30	Y	Y											
IGKV2D-28	Y	Y											
IGKV2D-30	Y	Y											
IGKV2D-40	Y	Y											
IGKV3-11	Y	Y											
IGKV3-15	Y	Y											
IGKV3-20	Y	Y											
IGKV3D-20	Y	Y											
IGKV4-1	Y	Y											
IGKV5-2	Y	Y											
IGLC1	Y	Y											
IGLC2	Y	Y											
IGLC3	Y	Y											
IGLC6	Y	Y											
IGLC7	Y	Y											
IGLV1-40	Y	Y											
IGLV1-44	Y	Y											
IGLV1-47	Y	Y											
IGLV1-51	Y	Y											
IGLV2-11	Y	Y											
IGLV2-14	Y	Y											
IGLV2-23	Y	Y											
IGLV2-8	Y	Y											
IGLV3-1	Y	Y											
IGLV3-19	Y	Y											
IGLV3-21	Y	Y											
IGLV3-25	Y	Y											
IGLV3-27	Y	Y											
IGLV6-57	Y	Y											
IGLV7-43	Y	Y											
IHH										Y			
IKBKB	Y								Y		Y		Y
IKBKE	Y						Y				Y		
IKBKG	Y		Y				Y		Y		Y		Y
IL10	Y												
IL10RA	Y								Y				
IL10RB	Y								Y				
IL11									Y				
IL11RA									Y				
IL12B	Y												
IL12RB1	Y								Y				
IL12RB2									Y				
IL13RA1									Y				
IL13RA2									Y				
IL15RA									Y				
IL17RA									Y				
IL17RD	Y												
IL18R1									Y				
IL1A			Y							Y		Y	
IL1B							Y		Y				
IL1F10													Y
IL1R1	Y								Y				
IL1R2									Y				
IL1RAP	Y								Y			Y	
IL1RAPL1													Y
IL1RL1	Y												
IL2	Y	Y			Y		Y		Y	Y	Y		Y
IL2RA	Y	Y			Y		Y		Y	Y	Y		Y
IL2RB	Y	Y			Y		Y		Y	Y	Y		Y
IL2RG	Y	Y			Y		Y		Y	Y	Y		Y
IL3	Y	Y									Y		
IL31									Y				
IL31RA									Y				
IL33	Y												
IL3RA	Y	Y							Y		Y		
IL4	Y						Y		Y		Y		
IL4R	Y						Y		Y			Y	
IL5	Y	Y									Y		
IL5RA	Y	Y							Y		Y		
IL6	Y		Y				Y		Y	Y			
IL6R	Y						Y		Y				
IL6ST	Y						Y		Y				
IL7R									Y				
IL9R									Y				
ILK										Y	Y		
ILKAP										Y			
ING3				Y									
ING4				Y									
ING5				Y									
INO80											Y	Y	
INO80B												Y	
INO80C												Y	
INO80D												Y	
INO80E												Y	
INPP5A	Y	Y											
INPP5B		Y											
INPP5D	Y	Y								Y			
INPP5J	Y	Y											
INPP5K	Y												
INPPL1	Y	Y							Y		Y		
INS	Y	Y			Y		Y		Y	Y	Y		Y
INSM1					Y								
INSR	Y	Y			Y		Y		Y	Y	Y		
INSRR		Y											
IP6K2									Y				
IQGAP1	Y	Y					Y		Y	Y	Y		Y
IQSEC1		Y					Y		Y	Y	Y		Y
IRAK1	Y		Y								Y		
IRAK2	Y		Y								Y		
IRAK4	Y										Y		
IREB2	Y												
IRF1							Y		Y				
IRF2									Y				
IRF3							Y		Y				
IRF4									Y				
IRF5						Y			Y				
IRF6									Y				
IRF7							Y		Y				
IRF8	Y								Y				
IRF9	Y						Y		Y				
IRS1	Y	Y			Y		Y		Y	Y	Y		Y
IRS2	Y	Y			Y		Y		Y	Y	Y		
IRS4		Y											
ISG15							Y		Y				
ISG20									Y				
ISY1												Y	
ISYNA1		Y											
ITCH							Y				Y	Y	
ITGA1		Y								Y			
ITGA10										Y			
ITGA11										Y			
ITGA2										Y			
ITGA2B	Y									Y			
ITGA3										Y		Y	
ITGA4							Y			Y	Y		
ITGA5										Y	Y		
ITGA6	Y	Y			Y		Y		Y	Y	Y		
ITGA7										Y			
ITGA8										Y			
ITGA9										Y			
ITGAD										Y			
ITGAE										Y			
ITGAL							Y		Y	Y			
ITGAM										Y			
ITGAV	Y	Y			Y		Y		Y	Y	Y		Y
ITGAX										Y			
ITGB1	Y				Y				Y	Y	Y		
ITGB2		Y								Y	Y		
ITGB3	Y	Y			Y		Y		Y	Y	Y		Y
ITGB3BP													Y
ITGB4	Y	Y			Y		Y		Y	Y	Y		
ITGB5		Y								Y			
ITGB6										Y			
ITGB7									Y	Y	Y		
ITGB8										Y			
ITGBL1										Y			
ITK	Y	Y					Y		Y	Y	Y		Y
ITPK1		Y											
ITPKA		Y											
ITPKB		Y											
ITPKC		Y											
ITPR1		Y							Y		Y		
ITPR2		Y							Y		Y		
ITPR3		Y							Y		Y		
ITSN1													Y
IVD		Y											
JADE1				Y									
JADE2				Y									
JADE3				Y									
JAG1											Y		
JAG2											Y	Y	
JAK1	Y	Y			Y		Y		Y	Y	Y	Y	Y
JAK2	Y	Y		Y	Y	Y	Y		Y	Y	Y		Y
JAK3	Y	Y			Y		Y		Y	Y	Y		Y
JAM2										Y			
JAM3										Y			
JAML										Y			
JARID2				Y									
JDP2													Y
JMJD6				Y									
JMJD7-PLA2G4B		Y											
JMY						Y							
JUN	Y	Y	Y			Y			Y	Y	Y	Y	Y
JUNB						Y			Y				
JUND						Y			Y				
JUP										Y			
KALRN										Y			Y
KANSL1				Y									
KANSL2				Y									
KANSL3				Y									
KARS	Y	Y											
KAT14				Y									
KAT2A	Y			Y		Y					Y		
KAT2B				Y		Y				Y	Y		
KAT5	Y			Y		Y		Y				Y	
KAT6A				Y									
KAT6B				Y									
KAT7				Y									
KAT8				Y		Y							
KBTBD7	Y												
KCNB1		Y											
KCNC2		Y											
KCNG2		Y											
KCNJ11		Y											
KCNJ15										Y			
KCNQ2	Y												
KCNQ3	Y												
KCNQ4	Y												
KCNQ5	Y												
KCNS3		Y											
KDM1A				Y							Y		
KDM1B				Y									
KDM2A				Y									
KDM2B				Y									
KDM3A				Y									
KDM3B				Y									
KDM4A				Y									
KDM4B				Y									
KDM4C				Y									
KDM4D				Y									
KDM5A				Y									
KDM5B	Y			Y				Y				Y	
KDM5C				Y									
KDM5D				Y									
KDM6A				Y									
KDM6B			Y	Y									
KDM7A				Y									
KDR	Y	Y								Y	Y		
KERA										Y			
KHSRP			Y										
KIF11							Y						
KIF15							Y						
KIF18A							Y						
KIF20A	Y						Y						
KIF22							Y						
KIF23	Y						Y			Y			
KIF26A							Y						
KIF2A							Y						
KIF2B							Y						
KIF2C							Y						
KIF3A							Y			Y			
KIF3B							Y						
KIF3C							Y						
KIF4A							Y						
KIF4B							Y						
KIF5A							Y						
KIF5B							Y						
KIFAP3							Y						
KIFC3										Y			
KIR3DL1	Y												
KIRREL1	Y	Y					Y		Y	Y	Y		Y
KIT	Y	Y			Y					Y	Y		
KITLG	Y	Y			Y					Y	Y		
KL	Y	Y									Y		
KLB	Y	Y									Y		
KLC1							Y						
KLC2							Y						
KLC3							Y						
KLC4							Y						
KLF4	Y		Y		Y								
KLHL12											Y		
KLHL20										Y			
KLK2										Y			
KLKB1										Y			
KLRC2	Y												
KLRD1	Y												
KLRK1	Y												
KMT2A				Y									
KMT2B				Y									
KMT2C				Y									
KMT2D				Y									
KMT2E				Y									
KMT5A				Y		Y							
KMT5B				Y									
KMT5C				Y									
KNG1		Y								Y			
KPNA1													Y
KPNB1													Y
KRAS	Y	Y			Y		Y		Y	Y	Y		Y
KREMEN1											Y		
KREMEN2											Y		
KRT14												Y	
KRT18													Y
KRT5												Y	
KSR1	Y						Y		Y	Y	Y		Y
KSR2	Y												
KYAT1		Y											
KYAT3		Y											
L1CAM										Y			
L3MBTL2	Y			Y									
LAG3							Y						
LAGE3		Y											
LAMA1	Y	Y			Y		Y		Y	Y	Y		
LAMA2										Y			
LAMA3										Y			
LAMA4										Y		Y	
LAMA5										Y			
LAMB1	Y	Y			Y		Y		Y	Y	Y		
LAMB2										Y			
LAMB3										Y			
LAMB4										Y			
LAMC1										Y			
LAMC2	Y	Y			Y		Y		Y	Y	Y		
LAMC3										Y			
LAMTOR1	Y	Y											
LAMTOR2	Y	Y											
LAMTOR3	Y	Y											
LAMTOR4	Y	Y											
LAMTOR5	Y	Y											
LARS	Y	Y											
LARS2		Y											
LAT	Y	Y			Y		Y		Y	Y	Y		Y
LAT2	Y												
LCK	Y	Y			Y		Y		Y	Y	Y		Y
LCLAT1		Y											
LCMT1						Y							
LCP2	Y	Y			Y		Y		Y	Y	Y		Y
LCT		Y											
LDHA	Y	Y							Y		Y		
LDHAL6A		Y											
LDHAL6B		Y											
LDHB		Y											
LDHC		Y											
LDHD		Y											
LEF1						Y					Y		
LEP		Y									Y		
LEPR									Y				
LFNG											Y		
LGALS1	Y												
LGALS3	Y									Y			
LGMN							Y						
LIF	Y					Y			Y				
LIFR	Y								Y				
LIG1		Y						Y				Y	
LIG3												Y	
LIMA1										Y			
LIMD1											Y		
LIMK1													Y
LIMS1										Y			
LIMS2										Y			
LIN28A					Y								
LIN28B	Y												
LIN37	Y					Y							
LIN52	Y					Y							
LIN54	Y					Y							
LIN9	Y					Y							
LIPT1		Y											
LMNA													Y
LMNB1			Y										Y
LMNB2													Y
LMO4							Y		Y				
LMOD1		Y											
LNPEP		Y					Y						
LNX1											Y		
LPA										Y			
LPAR1										Y	Y		Y
LPAR2										Y	Y		
LPAR3										Y	Y		Y
LPCAT1		Y											
LPCAT2		Y											
LPCAT3		Y											
LPCAT4		Y											
LPGAT1		Y											
LPP										Y			
LPXN											Y		
LRP1										Y			
LRP5											Y		
LRP6		Y					Y		Y	Y	Y		Y
LRRC7	Y	Y									Y		
LRRFIP1	Y						Y		Y				
LSM10				Y									
LSM11				Y									
LTA													Y
LTB													Y
LTB4R2									Y				
LTBR													Y
LTK	Y										Y		
LUM										Y			
LY96									Y	Y	Y		Y
LYN	Y	Y			Y	Y	Y		Y	Y	Y		Y
LYPLA2		Y											
MAD2L1						Y	Y						
MADCAM1										Y			
MADD													Y
MAGEA1											Y		
MAGED1													Y
MAML1						Y					Y		
MAML2						Y					Y		
MAML3						Y					Y		
MAMLD1						Y					Y		
MAP2K1	Y	Y			Y		Y		Y	Y	Y	Y	Y
MAP2K2	Y	Y			Y		Y		Y	Y	Y		Y
MAP2K3	Y	Y	Y							Y	Y		Y
MAP2K4	Y		Y							Y	Y		Y
MAP2K5	Y										Y		
MAP2K6	Y		Y								Y		Y
MAP2K7	Y		Y								Y		Y
MAP3K1	Y		Y				Y		Y		Y		Y
MAP3K10	Y										Y		Y
MAP3K11	Y						Y		Y		Y		Y
MAP3K12	Y										Y		Y
MAP3K13	Y										Y		
MAP3K14	Y						Y		Y	Y	Y		Y
MAP3K2	Y									Y	Y		
MAP3K20	Y												Y
MAP3K21	Y										Y		
MAP3K3	Y									Y	Y		Y
MAP3K4	Y									Y	Y		Y
MAP3K5	Y		Y							Y	Y		Y
MAP3K6	Y												Y
MAP3K7	Y		Y								Y		Y
MAP3K7CL	Y										Y		
MAP3K8	Y						Y		Y		Y		Y
MAP3K9	Y										Y		
MAP4K1					Y		Y		Y				Y
MAP4K2	Y						Y		Y		Y		Y
MAP4K3	Y						Y		Y		Y		Y
MAP4K4			Y			Y	Y		Y				Y
MAP4K5							Y		Y				Y
MAPK1	Y	Y	Y			Y	Y		Y	Y	Y		Y
MAPK10	Y		Y			Y			Y	Y	Y		Y
MAPK11	Y		Y			Y			Y		Y	Y	Y
MAPK12	Y					Y			Y		Y		
MAPK13	Y					Y			Y	Y	Y		
MAPK14	Y		Y			Y			Y		Y	Y	Y
MAPK15									Y		Y		
MAPK3	Y	Y	Y		Y	Y	Y		Y	Y	Y		Y
MAPK6										Y	Y		
MAPK7	Y		Y			Y			Y		Y		
MAPK8	Y	Y	Y		Y	Y			Y	Y	Y		Y
MAPK9	Y		Y			Y			Y	Y	Y		Y
MAPKAP1	Y	Y									Y		
MAPKAPK2	Y		Y								Y		
MAPKAPK3	Y		Y								Y		
MAPKAPK5	Y		Y								Y		
MAPRE1						Y							
MAPT		Y											
MARCKS		Y											
MARK2											Y		
MARK3	Y												
MARS	Y	Y											
MASP1		Y											
MASP2		Y											
MAT1A				Y									
MAT2A		Y		Y									
MAT2B		Y		Y									
MATK	Y				Y		Y		Y	Y	Y		Y
MAU2				Y									
MAVS							Y		Y				
MAX	Y					Y							
MBD3				Y									
MBIP				Y									
MBL2		Y											
MBOAT1		Y											
MBOAT2		Y											
MBOAT7		Y											
MCF2										Y			Y
MCF2L													Y
MCL1		Y				Y					Y		Y
MCM2				Y								Y	
MCM3				Y									
MCM4				Y									
MCM5				Y									
MCM6				Y									
MCM7				Y								Y	
MCM8				Y									
MCOLN1		Y											
MCOLN2		Y											
MCOLN3		Y											
MCRS1				Y								Y	
MCU	Y												
MDC1						Y						Y	
MDH1		Y							Y				
MDH2		Y											
MDK										Y			
MDM2	Y		Y			Y						Y	
MDM4			Y			Y							
ME1		Y							Y				
ME2		Y											
ME3		Y											
MEAF6				Y									
MECOM				Y									
MECR		Y											
MEF2A	Y												
MEF2B	Y												
MEF2C	Y										Y		
MEF2D	Y												
MEN1						Y							
MET	Y	Y			Y	Y	Y		Y	Y	Y		
MFAP2											Y		
MFAP5											Y		
MFGE8										Y	Y		
MFNG											Y		
MFSD4B		Y											
MGA	Y												
MGAM		Y											
MGAT3										Y			
MIB1											Y		
MICALL1										Y			
MINK1			Y										
MKNK1	Y										Y		
MKNK2	Y										Y		
MLH1						Y						Y	
MLH3												Y	
MLST8	Y	Y									Y		
MLXIPL		Y											
MLYCD									Y				
MMP1										Y			
MMP10										Y			
MMP11										Y			
MMP13										Y			
MMP14		Y								Y	Y		
MMP15										Y			
MMP16										Y			
MMP17										Y			
MMP2						Y				Y	Y	Y	
MMP24										Y			
MMP25										Y			
MMP3										Y			
MMP7										Y			
MMP8										Y			
MMP9	Y									Y			
MNAT1	Y					Y					Y	Y	
MND1												Y	
MOGAT1		Y											
MOGAT2		Y											
MOGAT3		Y											
MORF4L1				Y									
MORF4L2				Y									
MOS	Y										Y		
MOV10			Y								Y		
MPC1		Y											
MPI		Y											
MPL	Y								Y				
MPST		Y											
MRAS	Y												
MRE11						Y	Y	Y	Y			Y	
MRGBP				Y									
MS4A2		Y			Y		Y		Y	Y	Y		
MSH2						Y						Y	
MSH4												Y	
MSH5												Y	
MSL1				Y									
MSL2				Y									
MSL3				Y									
MST1										Y			
MST1R										Y			
MSTN	Y												
MTA1	Y			Y									
MTA2				Y		Y							
MTA3				Y									
MTDH	Y												
MTF2				Y									
MTG1													Y
MTHFD1		Y											
MTHFD1L		Y											
MTHFD2		Y											
MTHFR		Y											
MTOR	Y	Y					Y		Y	Y	Y		
MTSS1										Y			
MUC20	Y												
MUS81												Y	
MX1									Y				
MX2									Y				
MXD4	Y												
MYB											Y		
MYBPC1		Y											
MYBPC2		Y											
MYBPC3		Y											
MYC	Y	Y				Y		Y			Y	Y	
MYCBP		Y									Y		
MYCT1	Y												
MYD88	Y						Y		Y				
MYH1									Y				
MYH10									Y				
MYH11		Y							Y				
MYH13									Y				
MYH14									Y				
MYH2									Y	Y			
MYH3		Y							Y				
MYH4									Y				
MYH6		Y							Y				
MYH7									Y				
MYH7B									Y				
MYH8		Y							Y				
MYH9									Y				
MYL1		Y											
MYL10		Y											
MYL12A		Y											
MYL12B		Y											
MYL2		Y								Y			
MYL3		Y											
MYL4		Y											
MYL5		Y											
MYL6		Y											
MYL6B		Y											
MYL7		Y											
MYL9		Y								Y			
MYLK									Y				
MYLK2									Y				
MYLK3									Y	Y			
MYLPF		Y											
MYO18A	Y												
MYO3A									Y				
MYO3B									Y				
MYO5A		Y											
MYO6										Y			
MYOD1											Y		
MYRIP		Y											
MYSM1										Y			
NAA10		Y									Y		
NAA30		Y											
NAA35		Y											
NAA38		Y											
NACA										Y			
NADK		Y							Y				
NADSYN1	Y	Y											
NAGK		Y											
NAGS		Y											
NANOG					Y								
NANS		Y											
NARS	Y	Y											
NAT1		Y											
NAT2		Y											
NBN	Y					Y		Y				Y	
NCALD		Y											
NCAM1	Y	Y									Y		
NCAN										Y			
NCBP1	Y			Y									
NCBP2	Y			Y									
NCK1	Y	Y								Y	Y		
NCK2	Y	Y								Y	Y		
NCKAP1	Y									Y			
NCKAP1L	Y												
NCL	Y												
NCOA1		Y		Y							Y		
NCOA2		Y		Y							Y		
NCOA3						Y							
NCOR1				Y		Y					Y		
NCOR2				Y		Y					Y		
NCSTN											Y		Y
NDC1				Y								Y	
NDRG1	Y	Y				Y					Y		Y
NDRG2	Y												
NDUFA1		Y											
NDUFAF2	Y												
NDUFS2		Y										Y	
NDUFS3		Y											
NDUFS7		Y											
NEB		Y											
NECTIN2										Y			
NECTIN3										Y			
NEDD4L						Y						Y	
NEDD8						Y							
NEFL	Y	Y									Y		
NEK2						Y	Y					Y	
NELFA												Y	
NELFB												Y	
NELFCD												Y	
NELFE												Y	
NET1													Y
NEURL1											Y		
NEUROD1					Y								
NEUROG3					Y						Y		
NF1	Y												
NFAT5									Y				
NFATC1		Y							Y		Y		
NFATC2	Y	Y					Y		Y	Y	Y		
NFATC3	Y	Y					Y		Y	Y	Y	Y	
NFATC4									Y		Y		
NFKB1	Y		Y	Y			Y		Y	Y	Y		Y
NFKB2				Y			Y		Y				Y
NFKBIA							Y		Y				Y
NFRKB												Y	
NFYA	Y					Y							Y
NFYB	Y					Y							Y
NFYC	Y					Y							Y
NGEF										Y			Y
NGF	Y						Y		Y	Y	Y		Y
NGFR	Y										Y		Y
NHP2								Y					
NID1										Y			
NIN											Y		
NINL											Y		
NIPBL				Y									
NIT2		Y											
NKD1											Y		
NKD2											Y		
NKX2-2					Y								
NLK	Y										Y		
NLRC3							Y		Y				
NLRC4						Y							
NLRC5							Y		Y				
NLRP3										Y			
NLRP4							Y		Y				
NLRX1							Y		Y				
NME1	Y	Y								Y			
NME1-NME2		Y											
NME2	Y	Y											
NME3		Y											
NME4		Y											
NME5		Y											
NME6		Y											
NME7		Y											
NMNAT3		Y											
NMRAL1	Y	Y											
NMT1		Y											
NMT2		Y											
NNT		Y											
NOD1	Y		Y										
NOD2	Y		Y										
NOS1	Y												
NOS2	Y	Y								Y	Y		
NOS3	Y	Y					Y		Y	Y	Y		
NOTCH1						Y					Y	Y	
NOTCH2											Y		
NOTCH3											Y		
NOTCH4											Y		
NOX4		Y											
NPEPPS							Y						
NPHS1	Y	Y					Y		Y	Y	Y		Y
NPHS2	Y	Y					Y		Y	Y	Y		Y
NPL		Y											
NPM1	Y	Y				Y					Y		
NPNT										Y			
NQO1		Y							Y				
NR4A1	Y												
NRAS	Y	Y			Y		Y		Y	Y	Y		Y
NRG1	Y	Y					Y		Y	Y	Y	Y	Y
NRG2	Y	Y									Y		
NRG3	Y	Y									Y		
NRG4	Y	Y									Y		
NRK							Y		Y				Y
NRP1										Y	Y		
NRP2											Y		
NRTN	Y	Y									Y		
NRXN1										Y			
NSD1				Y									
NSD2				Y		Y						Y	
NSD3				Y									
NSG1												Y	
NSMAF													Y
NSMCE1												Y	
NSMCE2												Y	
NSMCE3												Y	
NSMCE4A												Y	
NT5C		Y											
NT5C1B		Y											
NT5E		Y									Y		
NTF3	Y	Y									Y		
NTF4	Y	Y									Y		
NTN1	Y									Y	Y		
NTN4										Y			
NTPCR		Y											
NTRK1	Y						Y		Y	Y	Y	Y	Y
NTRK2	Y	Y									Y		
NTRK3	Y	Y									Y		
NUDC	Y												
NUDT12		Y											
NUDT14		Y											
NUDT16		Y											
NUDT2		Y											
NUDT5	Y	Y											
NUDT9		Y											
NUMA1													Y
NUMB											Y		
NUMBL											Y		
NUP107				Y								Y	
NUP133				Y								Y	
NUP153				Y								Y	
NUP155				Y								Y	
NUP160				Y								Y	
NUP188				Y								Y	
NUP205				Y								Y	
NUP210				Y								Y	
NUP214				Y								Y	
NUP35				Y								Y	
NUP37				Y								Y	
NUP43				Y								Y	
NUP50				Y								Y	
NUP54				Y								Y	
NUP58				Y								Y	
NUP62				Y								Y	
NUP85				Y								Y	
NUP88				Y								Y	
NUP93				Y								Y	
NUP98				Y								Y	
OAS1		Y							Y				
OAS2		Y							Y				
OAS3		Y							Y				
OASL									Y				
OAT		Y											
OBSCN													Y
OCRL		Y											
ODC1	Y												
OGDH		Y											
OGDHL		Y											
OGT				Y									
ONECUT1												Y	
OPHN1											Y		
ORAI1	Y	Y					Y		Y	Y	Y		Y
ORAI2		Y											
ORC1				Y									
ORC2				Y									
ORC3				Y									
ORC4				Y									
ORC5				Y									
ORC6				Y									
ORMDL1		Y											
ORMDL2		Y											
ORMDL3		Y											
OS9		Y									Y		
OSBPL1A							Y						
OSGEP		Y											
OSM									Y				
OSMR									Y				
OTUD5							Y						
OXCT1		Y											
P2RX1		Y											
P2RX2		Y											
P2RX3		Y											
P2RX4		Y											
P2RX5		Y											
P2RX6		Y											
P2RX7		Y											
PACS1							Y						
PADI1				Y									
PADI2				Y									
PADI3				Y									
PADI4				Y									
PADI6				Y									
PAFAH2		Y											
PAK1	Y								Y	Y	Y		Y
PAK2	Y						Y		Y	Y	Y		Y
PAK3	Y								Y		Y		Y
PAK4	Y								Y		Y		
PAK5	Y								Y		Y		
PAK6	Y								Y		Y		
PALB2												Y	
PAN2	Y	Y											
PAN3	Y	Y											
PANK1		Y											
PAOX		Y								Y			
PAPOLA	Y										Y		
PAPSS2		Y											
PAQR3	Y												
PARD3										Y			
PARD6A		Y								Y			
PARN	Y	Y	Y										
PARP1						Y				Y	Y	Y	Y
PARP2												Y	Y
PARP3													Y
PARP4													Y
PARS2		Y											
PARVA										Y			
PARVB										Y			
PARVG										Y			
PAX3				Y									
PAX4					Y								
PBRM1				Y									
PBX1					Y								
PC		Y							Y				
PCBP2							Y						
PCBP4	Y					Y							
PCDH1											Y		
PCDH10											Y		
PCDH11X											Y		
PCDH11Y											Y		
PCDH12											Y		
PCDH15											Y		
PCDH18											Y		
PCDH19											Y		
PCDH20											Y		
PCDH7											Y		
PCDH8											Y		
PCDH9											Y		
PCDHA1											Y		
PCDHA10											Y		
PCDHA11											Y		
PCDHA12											Y		
PCDHA13											Y		
PCDHA2											Y		
PCDHA3											Y		
PCDHA4											Y		
PCDHA5											Y		
PCDHA6											Y		
PCDHA7											Y		
PCDHA8											Y		
PCDHA9											Y		
PCDHAC1											Y		
PCDHAC2											Y		
PCDHB1											Y		
PCDHB10											Y		
PCDHB11											Y		
PCDHB12											Y		
PCDHB13											Y		
PCDHB14											Y		
PCDHB15											Y		
PCDHB16											Y		
PCDHB2											Y		
PCDHB3											Y		
PCDHB4											Y		
PCDHB5											Y		
PCDHB6											Y		
PCDHB7											Y		
PCDHB8											Y		
PCDHGA1											Y		
PCDHGA10											Y		
PCDHGA11											Y		
PCDHGA12											Y		
PCDHGA2											Y		
PCDHGA3											Y		
PCDHGA5											Y		
PCDHGA6											Y		
PCDHGA7											Y		
PCDHGA8											Y		
PCDHGB1											Y		
PCDHGB2											Y		
PCDHGB4											Y		
PCDHGB6											Y		
PCDHGB7											Y		
PCDHGC3											Y		
PCDHGC4											Y		
PCDHGC5											Y		
PCGF2				Y								Y	
PCGF6	Y												
PCK1		Y											
PCK2		Y											
PCNA	Y					Y		Y				Y	
PCSK1		Y											
PCSK2		Y											
PCTP		Y											
PDCD1							Y						
PDCD10	Y												
PDCD1LG2							Y						
PDCD4	Y												
PDE10A	Y	Y											
PDE11A	Y	Y											
PDE12	Y	Y					Y						
PDE1A	Y	Y											
PDE1B	Y	Y											
PDE1C	Y	Y											
PDE2A	Y	Y											
PDE3A	Y	Y											
PDE3B	Y	Y											
PDE4A	Y	Y											
PDE4B	Y	Y											
PDE4C	Y	Y											
PDE4D	Y	Y											
PDE5A		Y											
PDE6A		Y											
PDE6B		Y											
PDE6C		Y											
PDE6D		Y											
PDE6G		Y											
PDE6H		Y											
PDE7A	Y	Y											
PDE7B	Y	Y											
PDE8A	Y	Y											
PDE8B	Y	Y											
PDE9A		Y											
PDGFA	Y	Y								Y	Y		Y
PDGFB	Y	Y			Y		Y		Y	Y	Y		Y
PDGFC											Y		
PDGFD											Y		
PDGFRA	Y	Y			Y		Y		Y	Y	Y		
PDGFRB	Y	Y			Y		Y		Y	Y	Y		Y
PDGFRL											Y		
PDHA1		Y											
PDHB		Y											
PDIA3							Y						
PDPK1	Y	Y			Y	Y			Y	Y	Y		Y
PDPN	Y	Y											
PDS5A				Y									
PDS5B				Y									
PEA15												Y	
PEBP1	Y												
PEBP4	Y												
PECAM1										Y			
PEG10	Y												
PELP1	Y	Y			Y		Y		Y	Y	Y		Y
PERP						Y						Y	Y
PEX11G		Y											
PF4	Y						Y		Y	Y	Y		Y
PF4V1									Y				
PFAS		Y											
PFDN5												Y	
PFKFB1		Y											
PFKFB2		Y											
PFKFB3		Y									Y		
PFKFB4		Y											
PFKL		Y									Y		
PFKM	Y	Y											
PFKP		Y											
PGAM1		Y											
PGAM2		Y											
PGAM4		Y											
PGD		Y											
PGF											Y		
PGK1		Y									Y		
PGK2		Y											
PGLS		Y											
PGLYRP2		Y											
PGLYRP3		Y											
PGLYRP4		Y											
PGM1		Y									Y		
PGM2		Y											
PGM2L1		Y											
PGP		Y											
PHB	Y												
PHC1			Y	Y								Y	
PHC2			Y	Y								Y	
PHC3			Y	Y								Y	
PHF1				Y									
PHF19				Y									
PHF2				Y									
PHF20				Y		Y							
PHF21A				Y									
PHF8				Y									
PHGDH		Y											
PHLDB2	Y												
PI4K2A											Y		
PI4KA										Y	Y		
PI4KB										Y	Y		
PIAS1	Y			Y			Y		Y	Y		Y	
PIAS2	Y			Y					Y			Y	
PIAS3	Y						Y		Y				
PIAS4						Y	Y		Y			Y	
PIDD1						Y							Y
PIGL		Y											
PIGW		Y											
PIK3AP1	Y												
PIK3C2A	Y					Y			Y	Y	Y		
PIK3C2B	Y	Y			Y	Y	Y		Y	Y	Y		Y
PIK3C2G						Y							
PIK3C3	Y					Y			Y	Y	Y		
PIK3CA	Y	Y			Y	Y	Y		Y	Y	Y		Y
PIK3CB	Y	Y			Y	Y	Y		Y	Y	Y		Y
PIK3CD	Y	Y				Y			Y	Y	Y		Y
PIK3CG	Y	Y			Y	Y	Y		Y	Y	Y		Y
PIK3R1	Y	Y			Y	Y	Y		Y	Y	Y		Y
PIK3R2	Y	Y				Y			Y	Y	Y		
PIK3R3	Y					Y			Y	Y	Y		
PIK3R4	Y												
PIK3R5	Y					Y			Y		Y		
PIK3R6	Y	Y			Y		Y		Y	Y	Y		Y
PIM1	Y												
PIN1	Y					Y	Y					Y	
PINK1													Y
PIP4K2A	Y	Y								Y			
PIP4K2B	Y	Y								Y			
PIP4K2C	Y	Y								Y			
PIP5K1A	Y	Y			Y					Y	Y		
PIP5K1B	Y	Y			Y					Y	Y		
PIP5K1C	Y	Y			Y					Y	Y		
PITPNA	Y				Y					Y	Y		
PKLR		Y					Y		Y				
PKM		Y					Y				Y		
PKMYT1						Y							
PKN1	Y												
PKN2											Y		
PLA2G10		Y											
PLA2G12A		Y											
PLA2G12B		Y											
PLA2G1B		Y											
PLA2G2A		Y											
PLA2G2C		Y											
PLA2G2D		Y											
PLA2G2E		Y											
PLA2G2F		Y											
PLA2G3		Y											
PLA2G4A		Y							Y		Y		
PLA2G4B		Y									Y		
PLA2G4C											Y		
PLA2G4D											Y		
PLA2G4E		Y											
PLA2G5		Y											
PLA2G6		Y											
PLAGL1	Y					Y							
PLAT										Y	Y		
PLAU	Y									Y			
PLAUR	Y									Y			
PLB1		Y											
PLCB1	Y	Y					Y		Y	Y	Y		Y
PLCB2	Y	Y					Y		Y	Y	Y		Y
PLCB3	Y	Y					Y		Y	Y	Y		Y
PLCB4	Y	Y							Y		Y		
PLCD1	Y	Y							Y				
PLCD3	Y	Y											
PLCD4		Y							Y				
PLCE1	Y	Y							Y				
PLCG1	Y	Y					Y		Y	Y	Y		Y
PLCG2	Y	Y					Y		Y	Y	Y		Y
PLCH1	Y	Y											
PLCH2	Y	Y											
PLCL1									Y				
PLCZ1	Y	Y							Y				
PLD1	Y	Y									Y		
PLD2	Y	Y					Y		Y	Y	Y		Y
PLD3		Y											
PLD4		Y											
PLD6		Y											
PLEC										Y			
PLEKHA1		Y											
PLEKHA2		Y											
PLEKHA7										Y			
PLEKHG2													Y
PLEKHG5													Y
PLG		Y								Y	Y		
PLIN2		Y									Y		
PLK1	Y					Y	Y				Y	Y	
PLK2	Y					Y							
PLK3	Y					Y					Y	Y	
PLN		Y											
PLPP1	Y										Y	Y	
PLXNA1										Y			
PLXNA2										Y			
PLXNA3										Y			
PLXNA4										Y			
PLXNB1										Y			
PLXND1	Y												
PMAIP1	Y					Y							Y
PML	Y					Y						Y	
PMP22										Y			
PMS2						Y						Y	
POFUT1											Y		
POGLUT1											Y		
POLA1						Y		Y					
POLA2						Y		Y					
POLD1								Y				Y	
POLD2								Y				Y	
POLD3								Y				Y	
POLD4								Y				Y	
POLDIP3	Y												
POLE								Y				Y	
POLE2								Y				Y	
POLE3								Y				Y	
POLE4								Y				Y	
POLH												Y	
POLK												Y	
POLR2A	Y											Y	
POLR2B	Y											Y	
POLR2C	Y											Y	
POLR2D	Y											Y	
POLR2E	Y											Y	
POLR2F	Y											Y	
POLR2G	Y											Y	
POLR2H	Y											Y	
POLR2I	Y											Y	
POLR2J	Y											Y	
POLR2K	Y											Y	
POLR2L	Y											Y	
POLR3D	Y												
POM121				Y								Y	
POM121C				Y								Y	
PON1		Y											
POT1								Y				Y	
POU2F2												Y	
POU4F1						Y							
POU4F2						Y							
POU5F1		Y			Y						Y		
PPARD		Y									Y		
PPARG											Y		
PPARGC1A	Y												
PPAT		Y											
PPBP									Y				
PPCS	Y	Y											
PPFIA1		Y											
PPFIA2		Y											
PPFIA3		Y											
PPFIA4		Y											
PPIE												Y	
PPM1A	Y	Y				Y							
PPM1D						Y							
PPM1J						Y							
PPME1						Y							
PPP1CC		Y											
PPP1R12A										Y			
PPP1R13B						Y							Y
PPP1R13L						Y							
PPP1R14A										Y			
PPP1R14B										Y			
PPP1R14C										Y			
PPP1R3A		Y											
PPP2CA	Y	Y				Y	Y				Y	Y	
PPP2CB	Y	Y				Y	Y				Y		
PPP2R1A	Y	Y				Y	Y					Y	
PPP2R1B	Y	Y				Y	Y						
PPP2R2A	Y					Y							
PPP2R2B	Y	Y										Y	
PPP2R2C	Y	Y											
PPP2R2D	Y												
PPP2R3A		Y											
PPP2R3B		Y				Y							
PPP2R5A	Y	Y				Y	Y				Y	Y	
PPP2R5B	Y	Y				Y	Y				Y		
PPP2R5C	Y	Y				Y	Y				Y		
PPP2R5D	Y	Y				Y	Y				Y		
PPP2R5E	Y	Y				Y	Y				Y		
PPP3CA		Y									Y		
PPP3CB	Y	Y					Y		Y	Y	Y		
PPP3CC											Y		
PPP3R1		Y									Y		
PPP3R2											Y		
PPP5C	Y												
PPT1		Y											
PRDM1						Y							
PRDM14					Y								
PRDM16				Y									
PRDM4	Y												
PRDM9				Y								Y	
PRDX3	Y												
PREX1									Y	Y			Y
PREX2										Y			
PRF1													Y
PRIM1						Y		Y					
PRIM2						Y		Y					
PRKAA1	Y	Y				Y		Y			Y	Y	
PRKAA2	Y	Y				Y		Y			Y	Y	
PRKAB1	Y	Y				Y		Y			Y	Y	
PRKAB2	Y	Y				Y		Y			Y	Y	
PRKACA	Y	Y							Y	Y	Y		Y
PRKACB	Y	Y							Y	Y	Y	Y	
PRKACG	Y	Y							Y	Y	Y		
PRKAG1	Y	Y				Y		Y			Y	Y	
PRKAG2	Y	Y				Y		Y			Y	Y	
PRKAG3	Y	Y				Y		Y			Y	Y	
PRKAR1A	Y	Y								Y	Y		
PRKAR1B	Y	Y								Y	Y		
PRKAR2A	Y	Y								Y	Y		
PRKAR2B	Y	Y								Y	Y		
PRKCA	Y	Y			Y		Y		Y	Y	Y		Y
PRKCB	Y	Y			Y		Y		Y	Y	Y		Y
PRKCD	Y	Y				Y	Y		Y	Y	Y		Y
PRKCE	Y	Y							Y	Y	Y		Y
PRKCG	Y	Y					Y		Y	Y	Y		Y
PRKCH	Y	Y								Y	Y		Y
PRKCI	Y	Y									Y		Y
PRKCQ	Y	Y					Y		Y	Y	Y		Y
PRKCZ	Y	Y							Y	Y	Y		Y
PRKD1	Y										Y		
PRKD2	Y										Y		
PRKD3	Y										Y		
PRKDC							Y		Y				Y
PRKG1	Y									Y	Y		
PRKG2	Y										Y		
PRKN		Y									Y		
PRKRA													Y
PRKX	Y								Y				
PRL	Y												
PRLR	Y								Y				
PRMT1	Y			Y		Y							
PRMT3				Y									
PRMT5				Y		Y							
PRMT6				Y									
PRMT7				Y									
PROC										Y			
PRPF19												Y	
PRPS1	Y	Y											
PRPS1L1	Y	Y											
PRPS2	Y	Y											
PRR5	Y										Y		
PRRT2	Y				Y		Y		Y	Y	Y		Y
PRSS1										Y			
PRSS2										Y			
PSAT1		Y									Y		
PSD		Y					Y		Y	Y	Y		Y
PSEN1	Y										Y		Y
PSEN2											Y		Y
PSENEN											Y		Y
PSMA1	Y			Y		Y	Y				Y		
PSMA2	Y			Y		Y	Y				Y		
PSMA3	Y			Y		Y	Y				Y		
PSMA4	Y			Y		Y	Y				Y		
PSMA5	Y			Y		Y	Y				Y		
PSMA6	Y			Y		Y	Y				Y		
PSMA7	Y			Y		Y	Y				Y		
PSMA8	Y			Y		Y	Y				Y		
PSMB1	Y			Y		Y	Y				Y		
PSMB10	Y			Y		Y	Y				Y		
PSMB11	Y			Y		Y	Y				Y		
PSMB2	Y			Y		Y	Y				Y		
PSMB3	Y			Y		Y	Y				Y		
PSMB4	Y			Y		Y	Y				Y		
PSMB5	Y			Y		Y	Y				Y		
PSMB6	Y			Y		Y	Y				Y		
PSMB7	Y			Y		Y	Y				Y		
PSMB8	Y			Y		Y	Y		Y		Y		
PSMB9	Y			Y		Y	Y				Y		
PSMC1	Y			Y		Y	Y				Y		
PSMC2	Y			Y		Y	Y				Y		
PSMC3	Y			Y		Y	Y				Y		
PSMC3IP												Y	
PSMC4	Y			Y		Y	Y				Y		
PSMC5	Y			Y		Y	Y				Y		
PSMC6	Y			Y		Y	Y				Y		
PSMD1	Y			Y		Y	Y				Y		
PSMD10	Y			Y		Y	Y				Y		
PSMD11	Y			Y		Y	Y				Y		
PSMD12	Y			Y		Y	Y				Y		
PSMD13	Y			Y		Y	Y				Y		
PSMD14	Y			Y		Y	Y				Y		
PSMD2	Y			Y		Y	Y				Y		
PSMD3	Y			Y		Y	Y				Y		
PSMD4	Y			Y		Y	Y				Y		
PSMD5	Y			Y		Y	Y				Y		
PSMD6	Y			Y		Y	Y				Y		
PSMD7	Y			Y		Y	Y				Y		
PSMD8	Y			Y		Y	Y				Y		
PSMD9	Y			Y		Y	Y				Y		
PSME1	Y			Y		Y	Y				Y		
PSME2	Y			Y		Y	Y				Y		
PSME3	Y			Y		Y	Y				Y		
PSME4	Y			Y		Y	Y				Y		
PSMF1	Y			Y		Y	Y				Y		
PSPN	Y	Y									Y		
PTCH1										Y			
PTCH2										Y			
PTCRA											Y		
PTEN	Y	Y			Y	Y	Y		Y	Y	Y		Y
PTF1A											Y		
PTGDS											Y		
PTGER1	Y												
PTGES2							Y		Y				
PTGS1									Y				
PTGS2									Y				
PTK2	Y	Y					Y		Y	Y	Y		Y
PTK2B	Y						Y		Y	Y	Y		
PTK6	Y					Y							
PTMA	Y												
PTP4A3	Y						Y		Y	Y	Y		Y
PTPA	Y	Y				Y							
PTPN1	Y	Y			Y		Y		Y	Y	Y		
PTPN11	Y	Y			Y		Y		Y	Y	Y		Y
PTPN12										Y	Y		
PTPN13													Y
PTPN2		Y					Y		Y	Y			
PTPN6	Y				Y		Y		Y				
PTPN7	Y												
PTPRA	Y	Y								Y	Y		
PTPRB											Y		
PTPRC	Y												
PTPRO					Y								
PTTG1						Y	Y						
PVR										Y			
PXN	Y	Y								Y	Y		
PYCARD						Y							
PYGB		Y											
PYGL		Y											
PYGM		Y											
PYGO1											Y		
PYGO2											Y		
QARS	Y	Y											
RAB11A											Y		
RAB11B											Y		
RAB23										Y			
RAB27A		Y											
RAB38												Y	
RAB3A		Y											
RAB6A											Y		
RAB7A							Y						
RABGEF1	Y												
RABGGTA						Y							Y
RABGGTB						Y							Y
RAC1	Y	Y			Y		Y		Y	Y	Y		Y
RAC2	Y								Y	Y	Y		
RAC3	Y										Y		
RACGAP1							Y			Y			
RACK1		Y									Y	Y	Y
RAD1						Y		Y				Y	
RAD17						Y		Y				Y	
RAD18								Y				Y	
RAD21				Y		Y						Y	
RAD23A												Y	
RAD23B												Y	
RAD50						Y		Y				Y	
RAD51												Y	
RAD51AP1												Y	
RAD51B												Y	
RAD51C												Y	
RAD51D												Y	
RAD52												Y	
RAD9A						Y		Y				Y	
RAD9B						Y		Y				Y	
RAE1				Y								Y	
RAF1	Y	Y			Y		Y		Y	Y	Y		Y
RALA	Y									Y			Y
RALB	Y												Y
RALBP1	Y												
RALGDS	Y												
RANBP10	Y												
RANBP2				Y								Y	
RANBP3											Y		
RANBP9	Y	Y									Y		
RAP1A	Y	Y					Y		Y	Y	Y		Y
RAP1B	Y						Y		Y	Y			
RAP1GDS1										Y			
RAP2A										Y			
RAP2B										Y			
RAP2C										Y			
RAPGEF1	Y	Y					Y		Y	Y	Y		
RAPGEF2	Y	Y									Y		
RAPGEF3		Y								Y			
RAPGEF4		Y								Y			
RARA										Y			
RARB										Y			
RARG										Y			
RARS	Y	Y											
RARS2		Y											
RASA1	Y	Y								Y	Y		
RASA2	Y										Y		
RASA3	Y												
RASA4	Y										Y		
RASA4B	Y										Y		
RASAL1	Y												
RASAL2	Y												
RASAL3	Y												
RASGEF1A	Y	Y									Y		
RASGRF1	Y	Y								Y	Y		
RASGRF2	Y	Y								Y	Y		Y
RASGRP1	Y	Y								Y	Y		
RASGRP2	Y	Y					Y		Y	Y	Y		
RASGRP3	Y	Y									Y		
RASGRP4	Y	Y									Y		
RASSF1						Y							
RB1	Y		Y			Y					Y	Y	Y
RB1CC1	Y												
RBBP4	Y		Y	Y		Y				Y			
RBBP5				Y									
RBBP7			Y	Y						Y			
RBBP8						Y		Y			Y	Y	
RBKS		Y											
RBL1	Y					Y							
RBL2	Y					Y							
RBP1										Y			
RBPJ						Y					Y		
RBPJL											Y		
RBX1	Y	Y		Y				Y			Y	Y	
RCAN1											Y		
RCC1	Y												
RCHY1						Y						Y	
RCOR1				Y									
REL													Y
RELA	Y		Y	Y			Y		Y		Y	Y	Y
RELB													Y
RELN										Y			
RERG											Y		
REST				Y									
RET	Y	Y			Y		Y		Y	Y	Y		
RFC1								Y				Y	Y
RFC2						Y		Y				Y	
RFC3						Y		Y				Y	
RFC4						Y		Y				Y	
RFC5						Y		Y				Y	
RFFL													Y
RFNG											Y		
RGCC	Y					Y							
RGL1	Y												
RGL2	Y												
RHAG		Y											
RHBG		Y											
RHCG		Y											
RHEB	Y	Y				Y							
RHNO1						Y		Y				Y	
RHO		Y											
RHOA	Y	Y			Y		Y		Y	Y	Y		Y
RHOB	Y									Y	Y		
RHOC	Y								Y	Y	Y		
RHOG	Y								Y	Y	Y		
RHOQ		Y											
RICTOR	Y	Y								Y	Y		
RILP							Y						
RIMS1		Y											
RIN1	Y												
RING1	Y		Y	Y							Y	Y	
RIOX2	Y			Y									
RIPK1	Y						Y		Y		Y		Y
RIPK2	Y		Y								Y		Y
RIPK3	Y										Y		Y
RIT1	Y												
RIT2	Y												
RMI1						Y		Y				Y	
RMI2						Y		Y				Y	
RNASEL									Y				
RND1										Y			
RND2	Y									Y			
RND3										Y			
RNF111						Y							
RNF125							Y						
RNF135							Y		Y				
RNF144B						Y							
RNF168						Y						Y	
RNF2	Y		Y	Y								Y	
RNF216							Y						
RNF43												Y	
RNF8						Y						Y	
ROBO1	Y												
ROCK1									Y	Y	Y		
ROR2										Y	Y		
RORA		Y									Y		
RORC		Y					Y				Y		
RPA1						Y		Y				Y	
RPA2						Y		Y				Y	
RPA3	Y					Y		Y				Y	
RPE		Y											
RPEL1		Y											
RPIA		Y											
RPL11	Y					Y							
RPL23						Y							
RPL5						Y							
RPS2				Y									
RPS27A	Y		Y			Y	Y	Y		Y	Y	Y	Y
RPS27L						Y							
RPS6	Y	Y											
RPS6KA1	Y	Y	Y								Y		
RPS6KA2	Y	Y	Y								Y		
RPS6KA3	Y	Y	Y								Y		
RPS6KA4	Y	Y									Y		
RPS6KA5	Y	Y									Y		
RPS6KA6	Y	Y									Y		
RPS6KB1	Y	Y			Y		Y		Y	Y	Y		
RPS6KB2	Y	Y									Y		
RPS6KC1											Y		
RPSA										Y			
RPTOR	Y	Y									Y		
RRAD												Y	
RRAGA	Y	Y											
RRAGB	Y	Y											
RRAGC	Y												
RRAGD	Y	Y											
RRAS	Y	Y					Y		Y	Y	Y		Y
RRAS2	Y												
RRM2B						Y							
RRN3	Y												
RSAD2									Y				
RTCB		Y											
RTEL1												Y	
RTKN										Y			
RTRAF		Y											
RUNX1	Y											Y	
RUNX2	Y							Y			Y	Y	
RUNX3	Y						Y	Y			Y	Y	Y
RUSC1	Y												
RUVBL1	Y			Y				Y		Y		Y	
RUVBL2	Y			Y				Y		Y			
RXRA		Y								Y			
RXRB										Y			
RXRG										Y			
RYK	Y										Y		
RYR1		Y											
RYR2	Y	Y											
RYR3		Y											
S100A12							Y		Y				
S100A2						Y						Y	
S100A7	Y	Y											
S100A7A		Y											
S100A8		Y											
S100A9		Y											
S100B							Y		Y				
S1PR1	Y						Y		Y	Y	Y		Y
S1PR2	Y						Y		Y	Y	Y		Y
S1PR3	Y						Y		Y	Y	Y		Y
S1PR4	Y						Y		Y	Y	Y		Y
S1PR5										Y			
SAA1							Y		Y				
SAG											Y		
SALL4					Y								
SAMHD1									Y				
SAP130				Y									
SAP18				Y						Y			
SAP30				Y						Y	Y		
SAP30L				Y									
SAR1B							Y						
SARS	Y	Y											
SARS2		Y											
SAT1		Y								Y			
SAT2		Y											
SATB1				Y									Y
SATB2				Y									
SCIN													Y
SCLY		Y											
SCMH1			Y	Y								Y	
SCN3B						Y							
SCNN1A		Y											
SCP2		Y											
SDC1	Y	Y					Y		Y	Y	Y		Y
SDC2	Y	Y					Y		Y	Y	Y		Y
SDC3										Y	Y		
SDC4	Y						Y		Y	Y	Y		Y
SDCBP		Y					Y		Y	Y	Y		Y
SDHA		Y							Y				
SDHB		Y							Y				
SDHC		Y							Y				
SDHD		Y							Y				
SDS		Y											
SEC13				Y			Y					Y	
SEC14L2												Y	
SEC23A							Y						
SEC24A							Y						
SEC24B							Y						
SEC24C							Y						
SEC24D							Y						
SEC31A							Y						
SEH1L				Y								Y	
SEL1L											Y		
SELP										Y			
SELPLG										Y			
SEM1	Y			Y		Y	Y				Y		
SEMA3A										Y			
SEMA3E	Y												
SEMA4D										Y			
SEPHS1		Y											
SEPHS2	Y	Y											
SERPINA1												Y	
SERPINB5						Y							
SERPINE1		Y				Y					Y	Y	
SERPINI1	Y												
SESN1						Y							
SETD1A				Y									
SETD1B				Y									
SETD2				Y									
SETD3				Y									
SETD6				Y									
SETD7				Y		Y							
SETDB1				Y							Y		
SETDB2				Y									
SFN	Y	Y				Y	Y		Y	Y	Y	Y	Y
SFRP1	Y										Y		
SFRP2											Y		
SFRP4											Y		
SFRP5											Y		
SFXN3	Y												
SGF29				Y									
SGK1	Y	Y											
SGMS1	Y												Y
SH2B1	Y												
SH2B2		Y			Y								
SH2B3					Y								
SH2D1A						Y							
SH2D2A	Y										Y		
SH3BP2	Y						Y		Y	Y	Y		Y
SH3GL2							Y						
SH3KBP1	Y	Y											
SHANK3		Y			Y		Y		Y	Y	Y		
SHB	Y												
SHC1	Y	Y			Y		Y		Y	Y	Y		Y
SHC2	Y	Y								Y	Y		
SHC3	Y	Y								Y	Y		
SHH										Y			
SHMT1	Y												
SHPK		Y											
SI		Y											
SIAH1						Y					Y		
SIAH2											Y		
SIN3A						Y				Y	Y		
SIN3B										Y			
SIRT1		Y				Y					Y	Y	
SIRT6											Y		
SKI						Y			Y				
SKIL						Y			Y				
SKIV2L	Y	Y											
SKP1				Y		Y				Y	Y		
SKP2	Y			Y		Y	Y				Y	Y	
SLBP				Y									
SLC11A1	Y												
SLC11A2		Y									Y		
SLC16A1		Y											
SLC17A7		Y											
SLC1A4		Y											
SLC1A5		Y											
SLC24A1	Y	Y					Y		Y	Y	Y		Y
SLC24A2	Y	Y					Y		Y	Y	Y		Y
SLC24A3		Y											
SLC24A4		Y											
SLC24A5		Y											
SLC25A1		Y							Y				
SLC25A10		Y											
SLC25A11		Y									Y		
SLC25A12		Y											
SLC25A17	Y	Y											
SLC25A20		Y											
SLC25A21											Y		
SLC25A22		Y											
SLC25A4		Y					Y						
SLC25A5		Y					Y						
SLC25A6		Y					Y						
SLC27A2	Y	Y											
SLC27A5	Y	Y											
SLC2A1	Y	Y									Y		
SLC2A10		Y											
SLC2A12		Y											
SLC2A14		Y											
SLC2A2		Y											
SLC2A3		Y									Y		
SLC2A4		Y											
SLC2A6		Y											
SLC2A8		Y											
SLC30A1		Y											
SLC30A5		Y											
SLC30A6		Y											
SLC30A7		Y											
SLC30A8		Y											
SLC35A1											Y		
SLC35A3											Y		
SLC35B4											Y		
SLC37A1		Y											
SLC37A2		Y											
SLC37A4		Y											
SLC38A5		Y											
SLC38A9	Y	Y											
SLC39A1		Y											
SLC39A10		Y											
SLC39A14		Y											
SLC39A2		Y											
SLC39A3		Y											
SLC39A4		Y											
SLC39A5		Y											
SLC39A6		Y											
SLC39A7		Y											
SLC39A8		Y											
SLC3A2	Y												
SLC45A3		Y											
SLC50A1		Y											
SLC5A1		Y											
SLC5A2		Y											
SLC5A4		Y											
SLC5A9		Y											
SLC7A5		Y											
SLC7A6	Y												
SLC7A7	Y	Y											
SLC8A1	Y	Y											
SLC8A2		Y											
SLC8A3		Y											
SLC8B1		Y											
SLC9A3R1	Y	Y			Y		Y		Y	Y	Y		Y
SLC9A3R2	Y	Y			Y		Y		Y	Y	Y		Y
SLIT2	Y												
SLK													Y
SLN		Y											
SLX1A												Y	
SLX1B												Y	
SLX4												Y	
SMAD1	Y					Y			Y		Y		
SMAD2	Y		Y		Y	Y			Y				
SMAD3	Y	Y	Y			Y		Y	Y		Y	Y	Y
SMAD4	Y	Y	Y		Y	Y		Y	Y		Y	Y	Y
SMAD5						Y			Y		Y		
SMAD6									Y				
SMAD7						Y	Y		Y		Y		
SMAD9						Y			Y				
SMARCA1											Y		
SMARCA2				Y							Y		
SMARCA4				Y		Y					Y		
SMARCA5											Y		
SMARCAL1											Y	Y	
SMARCB1				Y							Y		
SMARCC1				Y							Y		
SMARCC2				Y							Y		
SMARCD1				Y							Y		
SMARCD2				Y							Y		
SMARCD3				Y							Y		
SMARCE1				Y							Y		
SMC1A				Y		Y						Y	
SMC3				Y		Y				Y		Y	
SMC5												Y	
SMC6												Y	
SMO										Y			
SMPD1	Y					Y	Y		Y				Y
SMPD2						Y	Y		Y				Y
SMPD3						Y	Y		Y				Y
SMURF1										Y			
SMURF2						Y							
SMYD2				Y		Y							
SMYD3				Y									
SNAI1	Y									Y			
SNAI2					Y	Y							
SNAP25		Y											
SNRPB				Y									
SNRPD3				Y									
SNRPE				Y									
SNRPF				Y									
SNRPG				Y									
SNW1						Y					Y		
SOAT1		Y											
SOAT2		Y											
SOCS1	Y				Y		Y		Y				
SOCS2	Y								Y				
SOCS3	Y						Y		Y				
SOCS4									Y				
SOCS5									Y				
SOCS6									Y				
SOCS7									Y				
SOD1		Y											
SOD2		Y											
SOD3		Y											
SORBS1		Y											
SORBS3		Y											
SORT1													Y
SOS1	Y	Y			Y		Y		Y	Y	Y		Y
SOS2	Y	Y								Y	Y		Y
SOX2					Y								
SP1	Y	Y	Y			Y					Y	Y	
SP100												Y	
SPARC		Y											
SPATA13										Y			
SPDEF											Y		
SPEN											Y		
SPHK1	Y						Y		Y	Y	Y		
SPHK2											Y		
SPI1	Y												
SPIDR												Y	
SPO11												Y	
SPOCK3										Y			
SPON2										Y			
SPOP										Y			
SPP1	Y					Y	Y		Y	Y	Y		Y
SPRED1	Y				Y								
SPRED2	Y				Y								
SPRED3	Y												
SPRY1	Y												
SPRY2	Y												
SPRY3	Y												
SPRY4	Y												
SPTA1	Y	Y									Y		
SPTAN1	Y	Y									Y		Y
SPTB	Y	Y									Y		
SPTBN1	Y	Y									Y		
SPTBN2	Y	Y					Y				Y		
SPTBN4	Y	Y									Y		
SPTBN5	Y	Y									Y		
SPTLC1		Y											
SPTLC2		Y											
SPTLC3		Y											
SPTSSA		Y											
SPTSSB		Y											
SQSTM1													Y
SRC	Y	Y			Y	Y	Y		Y	Y	Y		Y
SRCAP											Y		
SREBF1	Y												Y
SRF	Y										Y		
SRGAP1											Y		
SRGAP3											Y		
SRI		Y											
SSH1	Y												
SSPO										Y			
SSRP1												Y	
ST3GAL3											Y		
ST3GAL4											Y		
ST3GAL6											Y		
STAG1				Y		Y						Y	
STAG2				Y		Y						Y	
STAM										Y			
STAMBP										Y			
STAP1					Y								
STAP2	Y												
STAT1	Y				Y		Y		Y	Y	Y		Y
STAT2	Y						Y		Y		Y		
STAT3	Y		Y		Y	Y	Y		Y		Y		Y
STAT4	Y										Y		
STAT5A	Y				Y						Y		
STAT5B	Y										Y		
STAT6	Y										Y		
STEAP3						Y							
STIM1		Y											
STK11	Y	Y				Y							Y
STK36										Y			
STRADA	Y	Y											
STRADB	Y	Y											
STRAP											Y		
STRN	Y						Y		Y				
STX1A		Y											
STX4		Y								Y			
STXBP1		Y											
STXBP4		Y										Y	
SUCLA2		Y											
SUCLG1		Y											
SUCLG2		Y											
SUCNR1									Y				
SUDS3				Y									
SUFU										Y			
SUMO1				Y		Y	Y					Y	
SUMO2				Y		Y						Y	
SUMO3				Y		Y	Y					Y	
SUPT16H												Y	
SUPT20H				Y									
SUPT3H	Y			Y									
SUPT4H1												Y	
SUPT5H												Y	
SUPT7L	Y			Y									
SUV39H1				Y									
SUV39H2				Y									
SUZ12			Y	Y									
SYK	Y	Y			Y		Y		Y	Y	Y		Y
SYNGAP1	Y												
SYNJ1		Y											
SYT1		Y											
SYT5		Y											
TAB1	Y		Y								Y		Y
TAB2	Y		Y								Y		Y
TAB3	Y		Y										
TACC3										Y			
TADA1				Y									
TADA2A				Y									
TADA2B				Y		Y							
TADA3				Y									
TAF10	Y			Y									
TAF12	Y			Y									
TAF4B	Y												
TAF5L				Y									
TAF6L				Y									
TAF9	Y			Y		Y							
TALDO1		Y											
TANK													Y
TAOK1	Y												Y
TAOK2	Y												Y
TAOK3	Y												Y
TAP1						Y	Y						
TAP2							Y						
TAPBP							Y						
TARS	Y	Y											
TARS2		Y											
TAT		Y											
TAX1BP1							Y						
TAZ		Y											
TBC1D4		Y											
TBK1							Y		Y				
TBL1X				Y							Y		
TBL1XR1				Y							Y		
TBL1Y											Y		
TBP	Y												
TBXT												Y	
TCAP		Y											
TCEA1												Y	
TCF3											Y		
TCF7											Y		
TCF7L1						Y					Y	Y	
TCF7L2						Y					Y		
TCIRG1		Y											
TDG												Y	
TEC	Y	Y			Y						Y		
TEK	Y	Y									Y		
TERF1								Y				Y	
TERF2								Y				Y	
TERF2IP								Y				Y	
TERT	Y	Y						Y			Y		
TEX15												Y	
TF		Y									Y		
TFAP2A	Y							Y			Y	Y	Y
TFAP2C	Y							Y				Y	
TFDP1	Y		Y			Y					Y		Y
TFDP2	Y		Y			Y					Y		Y
TFF3		Y									Y		
TFPT												Y	
TFRC	Y	Y									Y		
TGFA	Y	Y				Y					Y	Y	
TGFB1	Y						Y		Y	Y	Y		Y
TGFB1I1											Y		
TGFB3											Y		
TGFBI										Y			
TGFBR1	Y									Y	Y		
TGFBR2	Y									Y	Y		
TGIF1						Y							
TGIF2						Y							
TGM2										Y			
THBS1										Y	Y		
THBS2										Y	Y		
THBS3											Y		
THBS4											Y		
THPO	Y												
THTPA		Y											
THY1										Y			
TIAM1	Y									Y	Y		Y
TIAM2										Y			Y
TICAM1													Y
TICAM2													Y
TIGAR		Y				Y							
TIMELESS												Y	
TIMP1										Y			
TIMP2										Y			
TINF2								Y				Y	
TIPIN												Y	
TIRAP									Y				
TJP1										Y			
TJP2	Y												
TK1	Y												
TKFC		Y					Y		Y				
TKT		Y											
TKTL2		Y											
TLE1						Y			Y		Y		
TLE2						Y			Y		Y		
TLE3						Y			Y		Y		
TLE4						Y			Y		Y		
TLE6											Y		
TLN1	Y	Y					Y		Y	Y	Y		Y
TLN2										Y			
TLR3													Y
TLR4									Y	Y	Y		Y
TLR9	Y												
TMBIM6													Y
TMED2											Y		
TMEFF2	Y												
TMEM126A	Y												
TMEM173							Y		Y				
TMEM219													Y
TMLHE		Y											
TMOD1		Y											
TMOD2		Y											
TMOD3		Y											
TMOD4		Y											
TNC										Y			
TNF	Y									Y	Y		Y
TNFAIP3							Y						Y
TNFRSF10A						Y	Y		Y				Y
TNFRSF10B						Y	Y		Y				Y
TNFRSF10C						Y							Y
TNFRSF10D						Y							Y
TNFRSF11A													Y
TNFRSF12A													Y
TNFRSF13C													Y
TNFRSF1A	Y												Y
TNFRSF1B													Y
TNFSF10	Y						Y		Y	Y	Y		Y
TNFSF11													Y
TNFSF12													Y
TNFSF13B													Y
TNFSF14													Y
TNIK			Y				Y		Y				Y
TNIP2											Y		
TNKS1BP1	Y	Y				Y							
TNNC1		Y											
TNNC2		Y											
TNNI1		Y											
TNNI2		Y											
TNNI3		Y											
TNNT1		Y											
TNNT2		Y											
TNNT3		Y											
TNRC6A			Y								Y		
TNRC6B			Y								Y		
TNRC6C			Y								Y		
TNS1										Y			
TNXB										Y			
TOP1													Y
TOP2A												Y	
TOP3A						Y		Y				Y	
TOPBP1						Y		Y				Y	
TOPORS							Y						
TP53	Y	Y	Y			Y		Y			Y	Y	Y
TP53AIP1						Y						Y	
TP53BP1						Y						Y	
TP53BP2						Y							Y
TP53I3						Y						Y	Y
TP53INP1						Y							
TP53RK		Y				Y		Y				Y	
TP63						Y						Y	Y
TP73						Y				Y		Y	Y
TPCN1		Y											
TPCN2		Y											
TPI1		Y											
TPK1	Y	Y											
TPM1		Y											
TPM2		Y											
TPM3		Y											
TPM4		Y											
TPP2							Y						
TPR				Y								Y	
TPRKB		Y											
TPSAB1										Y			
TPTE		Y				Y					Y		
TRAC	Y						Y		Y	Y	Y		Y
TRADD	Y						Y		Y				Y
TRAF1													Y
TRAF2	Y						Y		Y				Y
TRAF3							Y						Y
TRAF6	Y		Y						Y				Y
TRAT1	Y												
TRAV19							Y						
TRAV29DV5							Y						
TRAV8-4							Y						
TRBC1	Y						Y		Y	Y	Y		Y
TRBV12-3							Y						
TRBV7-9							Y						
TRDN		Y											
TREH		Y											
TREM2	Y												
TREX1							Y		Y				
TRIAP1						Y							
TRIM21							Y						
TRIM24	Y												
TRIM25							Y		Y				
TRIM28						Y							
TRIM32							Y						
TRIM33						Y							
TRIM56							Y						
TRIM72		Y											
TRIO										Y	Y		Y
TRIP10		Y											
TRPA1		Y											
TRPC1		Y											
TRPC3	Y	Y					Y		Y	Y	Y		Y
TRPC4		Y											
TRPC4AP		Y											
TRPC5		Y											
TRPC6	Y	Y					Y		Y	Y	Y		Y
TRPC7		Y											
TRPM1		Y											
TRPM2		Y											
TRPM3		Y											
TRPM6		Y											
TRPM7		Y											
TRPM8		Y											
TRPV1	Y	Y											
TRPV2		Y											
TRPV3		Y											
TRPV4		Y											
TRPV5		Y											
TRPV6	Y	Y					Y		Y	Y	Y		Y
TRRAP	Y			Y		Y							
TSC1	Y	Y				Y							
TSC2	Y	Y				Y							
TSC22D1					Y								
TSPOAP1		Y											
TTC21B		Y											
TTC37	Y	Y											
TTC5						Y							
TTN		Y											
TTR										Y			
TUBA1A												Y	
TULP3		Y											
TWIST1		Y									Y		
TXK	Y	Y											
TXN	Y	Y	Y										Y
TYK2	Y						Y		Y		Y		
TYMP		Y											
TYROBP	Y												
TYRP1						Y							
UBA52	Y		Y			Y	Y	Y		Y	Y	Y	Y
UBA7							Y		Y				
UBB	Y		Y			Y	Y	Y		Y	Y	Y	Y
UBC	Y		Y			Y	Y	Y		Y	Y	Y	Y
UBE2B								Y				Y	
UBE2C			Y			Y	Y						
UBE2D1			Y			Y	Y				Y		
UBE2D2							Y				Y		
UBE2D3						Y	Y				Y		
UBE2E1			Y			Y	Y						
UBE2I				Y			Y					Y	
UBE2K							Y						
UBE2L6							Y		Y				
UBE2N	Y		Y			Y						Y	
UBE2T												Y	
UBE2V1	Y		Y										
UBE2V2						Y						Y	
UBE4B												Y	
UBN1			Y										
UBR5										Y			
UBTF	Y												
UGCG													Y
UGDH		Y											
UIMC1						Y				Y		Y	
ULK1	Y												
ULK2	Y												
UNC13B		Y											
UNC5A										Y	Y		
UNC5B	Y												
UQCRC1		Y											
USF2											Y		
USP1								Y				Y	
USP22				Y									
USP7						Y						Y	
USP9X						Y							
UTY				Y									
UVSSA												Y	
VAMP2		Y											
VARS	Y	Y											
VASP										Y			
VAV1	Y	Y			Y		Y		Y	Y	Y		Y
VAV2	Y	Y								Y	Y		Y
VAV3	Y	Y								Y	Y		Y
VCAM1										Y			
VCAN						Y				Y			
VCL	Y	Y					Y		Y	Y	Y		Y
VDAC1		Y											
VDAC2		Y											
VDAC3		Y											
VDR						Y						Y	
VEGFA	Y	Y								Y	Y		
VEGFB											Y		
VEGFC		Y			Y		Y		Y	Y	Y		
VEGFD		Y			Y		Y		Y	Y	Y		
VHL		Y									Y		
VIM		Y								Y			Y
VLDLR										Y			
VPS72				Y									
VRK3	Y												
VTN										Y	Y		
VWF	Y								Y	Y			
WAPL				Y									
WARS	Y	Y											
WARS2		Y											
WASF1	Y												
WASF2	Y									Y			
WASF3	Y												
WASL		Y					Y		Y	Y	Y		Y
WDR12											Y		
WDR19		Y											
WDR35		Y											
WDR48								Y				Y	
WDR5				Y									
WDR61	Y	Y											
WDR77				Y									
WDR83	Y												
WEE1	Y					Y					Y		
WIF1											Y		
WNT1											Y		
WNT10A											Y		
WNT10B											Y		
WNT11											Y		
WNT16											Y		
WNT2											Y		
WNT2B											Y		
WNT3											Y		
WNT3A		Y					Y		Y	Y	Y		Y
WNT4											Y		
WNT5A	Y						Y		Y	Y	Y		Y
WNT5B											Y		
WNT6											Y		
WNT7A											Y		
WNT7B											Y		
WNT8A											Y		
WNT8B											Y		
WNT9A											Y		
WNT9B											Y		
WRAP53								Y					
WRN						Y		Y				Y	
WT1												Y	
WTIP											Y		
WWOX												Y	
WWP1												Y	
WWTR1						Y							
XAB2												Y	
XAF1									Y				
XCL1									Y				
XCL2									Y				
XCR1									Y				
XDH		Y											
XIAP													Y
XPC												Y	
XPO1						Y				Y			
XRCC1												Y	
XRCC2												Y	
XRCC3												Y	
XRCC4												Y	
XRCC5							Y		Y				
XRCC6							Y		Y				
XRN1	Y	Y											
XYLB		Y											
YAF2	Y												
YAP1												Y	
YARS	Y	Y											
YARS2		Y											
YEATS2				Y									
YEATS4				Y									
YES1	Y	Y					Y		Y	Y	Y		Y
YKT6		Y											
YWHAB	Y	Y				Y	Y		Y	Y	Y	Y	Y
YWHAE	Y	Y				Y	Y		Y	Y	Y		Y
YWHAG	Y	Y				Y	Y		Y	Y	Y		Y
YWHAH	Y	Y				Y	Y		Y	Y	Y		Y
YWHAQ	Y	Y				Y	Y		Y	Y	Y		Y
YWHAZ	Y	Y				Y	Y		Y	Y	Y	Y	Y
YY1	Y					Y					Y	Y	
ZAP70	Y	Y					Y		Y	Y	Y		Y
ZBED1				Y									
ZBP1							Y		Y				
ZBTB17	Y												
ZBTB8OS		Y											
ZDHHC2		Y											
ZDHHC21		Y											
ZDHHC7		Y											
ZDHHC8		Y											
ZEB1										Y			
ZFHX3	Y							Y				Y	
ZFP36L1	Y												
ZIC3					Y								
ZMYM2	Y												
ZNF274													Y
ZNF385A	Y					Y							
ZNF423									Y				
ZNF473				Y									
ZNF830												Y	
ZSCAN10					Y								
ZYX										Y			
ZZZ3				Y									
